Frequency (Hz),Red_X,Red_Y,Blue_X,Blue_Y,Green_X,Green_Y,Orange_X,Yellow_X,Pink_X,Purple_X,Red2_X,Blue2_X,Green2_X,Orange2_X,Yellow2_X,Pink2_X
0.1999,1.3942,1.0457,47.8218,30.0998,23.4913,21.2413,103.1817,98.0976,9.7321,11.0724,1.821,2.8028,1.0272,7.4114,84.9541,75.7402
0.2998,1.3512,1.0012,32.1564,25.5193,19.3305,17.7181,65.6423,61.0871,8.722,9.7558,1.8012,10.1929,2.3191,7.3368,47.4037,55.7447
0.3997,1.2929,0.9411,23.5594,23.5357,13.9237,15.359,52.473,48.4794,7.6617,7.8096,1.7699,2.1526,2.9309,8.9173,39.1799,52.3519
0.4997,1.2233,0.8694,20.885,20.3393,7.8275,16.6044,43.6389,40.8598,10.5705,9.9007,1.7304,13.7263,1.6805,8.4194,31.2916,41.2616
0.5996,1.1461,0.7901,18.2789,15.6988,9.1869,13.802,38.4426,40.4289,7.295,7.9799,1.6849,32.438,2.3606,7.2998,36.0195,16.2961
0.6995,1.0652,0.7077,15.1431,12.1256,5.1384,13.0622,37.2805,40.5736,4.01,3.6424,1.6348,18.1929,3.5379,7.5978,55.9217,58.5906
0.7995,0.984,0.6262,12.9478,10.3372,3.7384,13.7398,33.8564,35.4237,4.2909,4.8263,1.5821,2.9768,2.7615,7.9753,53.0867,66.1479
0.8994,0.9057,0.5495,11.7345,9.145,4.4216,12.4067,30.8731,31.7617,4.0447,3.8499,1.5285,7.9696,0.5481,9.3097,46.5839,51.5905
0.9993,0.8327,0.4808,10.8574,8.2005,5.7816,10.6653,31.1017,31.5029,2.8373,2.3002,1.4757,7.3944,2.3997,9.1064,40.9597,19.017
1.0993,0.7662,0.422,10.0199,7.461,5.2953,10.5392,31.1301,28.7294,6.3442,6.287,1.4251,14.5059,3.9481,7.7334,39.8273,17.1502
1.1992,0.7068,0.3736,9.1232,6.752,3.0826,11.3163,28.5338,20.7203,4.4686,4.5537,1.3781,28.7245,3.8217,9.3411,24.1829,48.1572
1.2991,0.6541,0.3347,8.1712,6.1295,6.4781,6.748,25.0343,20.4036,4.9233,3.9894,1.3356,22.1818,2.3219,10.281,19.1995,58.4733
1.3991,0.6071,0.303,7.3012,5.6233,4.2412,6.7425,21.1921,19.2059,2.4389,2.7873,1.2978,0.1907,0.5874,10.2444,18.7115,39.0912
1.499,0.565,0.2762,6.7383,5.2064,3.4279,6.1338,18.019,16.8698,2.2656,2.0832,1.265,5.6579,1.4935,10.38,11.97,24.0671
1.5989,0.5268,0.2522,6.5545,4.9092,3.4755,5.8256,15.8756,15.8279,1.5806,0.7178,1.2366,11.6301,2.1794,8.9918,12.2535,13.6849
1.6989,0.4921,0.2297,6.5021,4.6816,5.524,3.0405,12.5351,15.8916,4.2942,4.8378,1.2119,11.8232,2.4035,9.8314,18.079,31.2072
1.7988,0.4607,0.2084,6.2545,4.4313,0.9786,5.454,6.7844,12.1477,5.6131,4.4659,1.1899,27.7136,2.7506,11.216,9.9519,18.6941
1.8987,0.4327,0.1888,5.7012,4.1444,3.2256,6.0104,5.339,10.1199,4.9033,4.408,1.1695,22.5656,2.7597,9.7961,25.2857,13.6291
1.9987,0.4083,0.1719,5.029,3.8633,2.0428,4.5109,7.1146,9.3319,1.5932,2.0904,1.1497,4.5288,1.7348,8.7921,28.7077,19.1373
2.0986,0.3878,0.1585,4.5956,3.6408,0.9025,4.3872,8.4191,9.7709,1.1312,1.1812,1.1294,6.1873,0.3558,8.082,27.2661,22.7646
2.1985,0.371,0.1493,4.5933,3.51,1.5483,4.9341,9.8362,10.8623,1.6324,1.2102,1.1078,13.0941,2.3489,7.1972,21.2066,21.1945
2.2984,0.3574,0.144,4.8053,3.438,2.1042,6.112,12.5698,9.0719,3.2128,3.6359,1.0844,7.9116,3.5381,8.2011,17.1601,3.5866
2.3984,0.3466,0.1417,4.8494,3.3362,2.9801,2.4755,15.6623,11.8669,6.5517,5.1655,1.0587,27.9367,3.3412,7.2833,11.1427,8.9097
2.4983,0.3375,0.1411,4.5326,3.1668,2.8928,5.1569,16.9333,17.5652,4.5152,4.4092,1.0304,21.4639,2.0213,4.6059,18.7142,20.2032
2.5982,0.3296,0.1409,3.975,2.9741,1.2232,5.298,14.9384,16.1213,0.9606,1.3499,0.9996,7.4985,0.6865,3.9314,20.3229,29.4564
2.6982,0.3218,0.1401,3.5279,2.8143,1.652,4.9652,14.1447,15.036,0.3565,0.3317,0.9663,7.6503,1.5116,3.4396,14.2053,32.2849
2.7981,0.3138,0.1382,3.4889,2.7285,3.9607,3.7942,16.0436,17.0074,2.0868,2.0005,0.9308,13.5451,2.292,3.0745,9.7675,23.077
2.898,0.3049,0.1347,3.7518,2.7087,3.561,6.1562,15.5612,15.6385,2.8995,2.7416,0.8933,7.996,2.6009,3.7466,13.0274,13.7016
2.998,0.2951,0.1295,3.939,2.6753,2.406,4.5643,11.6476,5.8551,7.177,5.8414,0.8542,25.8824,2.6105,3.6362,7.9133,10.6752
3.0979,0.2842,0.1227,3.7981,2.5783,4.4316,2.6287,8.5949,2.5994,3.4973,4.0127,0.8139,22.0323,2.2403,2.4348,10.4312,10.2601
3.1978,0.2725,0.1144,3.3549,2.44,2.6647,3.3993,6.9245,2.7509,0.3913,0.709,0.7727,8.3723,1.3063,2.0793,12.8175,20.4717
3.2978,0.2602,0.105,2.8851,2.3004,1.8115,2.9693,5.0603,1.9497,1.1699,0.8766,0.731,7.7185,0.8728,3.1268,13.9481,12.3818
3.3977,0.2479,0.095,2.7508,2.2147,3.0987,1.1554,2.7166,2.1349,2.093,2.4791,0.6891,15.6203,2.2727,3.772,12.1484,5.7955
3.4976,0.2363,0.0851,2.9969,2.2086,4.2748,2.9872,0.9925,2.1373,3.6195,2.5877,0.6474,9.294,3.1792,4.9209,5.6196,10.865
3.5976,0.226,0.0761,3.2651,2.2146,0.787,2.1743,5.2006,8.5516,6.8667,5.8912,0.6061,22.2399,2.9582,4.9838,6.5049,9.9765
3.6975,0.2174,0.0692,3.2523,2.1695,2.8085,1.408,7.6735,12.3791,2.432,3.4207,0.5656,22.9633,1.7795,3.4441,13.0023,11.3554
3.7974,0.2111,0.0652,2.9277,2.0795,1.4821,2.0501,6.9803,11.0171,0.9401,0.9705,0.5261,9.1349,0.7892,3.7251,13.3985,15.0689
3.8974,0.2071,0.0645,2.5021,1.9747,0.7989,2.2273,8.1448,11.1307,1.8764,1.3526,0.488,6.6842,1.6406,4.8312,11.0795,12.8459
3.9973,0.2049,0.0666,2.3078,1.901,1.8723,1.4984,11.3967,13.8244,1.8033,2.5593,0.4515,18.0838,2.3402,4.8212,7.5265,9.2202
4.0972,0.2042,0.0704,2.4834,1.8916,2.4657,4.6551,12.5792,10.9326,4.2742,2.6369,0.4168,9.6795,2.5147,4.4267,5.9348,9.584
4.1972,0.2041,0.0748,2.7593,1.9007,2.6994,3.0441,12.191,6.0076,6.0224,5.5827,0.3843,19.6531,2.3363,3.3268,4.9647,10.9821
4.2971,0.204,0.0788,2.8201,1.8677,1.6514,2.8989,11.3778,8.9615,1.8772,3.2937,0.3542,22.0171,1.9154,3.1397,2.7112,12.4875
4.397,0.2031,0.0817,2.5781,1.7885,0.3635,4.2692,9.526,8.1393,1.5972,1.1144,0.3267,11.1066,1.2716,4.5859,2.4492,10.1569
4.497,0.201,0.083,2.1891,1.6906,1.0027,4.8291,8.8054,7.5195,2.1968,1.519,0.3022,6.2164,1.1674,4.504,3.4934,4.8236
4.5969,0.1974,0.0826,1.9784,1.6249,3.2037,3.5549,9.545,9.2884,1.2046,2.8997,0.2806,18.9631,2.144,3.3098,6.7368,6.4139
4.6968,0.1922,0.0804,2.1395,1.6312,1.9332,5.6191,7.53,7.9524,4.4744,2.3004,0.2623,11.7573,2.8382,3.233,7.7084,2.2207
4.7968,0.1857,0.0764,2.4361,1.661,2.7848,5.4473,3.203,4.6342,4.8808,5.6376,0.2474,17.6743,2.6124,3.6912,7.7372,3.2222
4.8967,0.1781,0.0708,2.5514,1.6469,2.3451,2.9657,1.33,5.4679,2.2793,3.0431,0.2357,20.1826,1.6045,4.5344,8.3714,9.9588
4.9966,0.17,0.064,2.3721,1.5861,1.0124,3.5799,0.9655,4.5014,1.6656,1.02,0.2273,12.5083,0.9896,4.7449,5.4117,9.0081
5.0966,0.162,0.0563,1.9975,1.5018,0.3629,3.9886,1.1094,5.358,2.0066,2.3357,0.2219,6.7397,1.7025,3.2904,5.5961,15.6947
5.1965,0.1549,0.0485,1.7099,1.4315,2.9098,3.0005,4.2503,7.6912,1.3846,3.2518,0.2194,19.0335,2.2231,3.0977,4.1898,15.3567
5.2964,0.1493,0.0415,1.7873,1.4248,2.36,2.7198,5.9866,4.2054,4.2526,2.806,0.2193,14.7853,2.3084,4.0596,1.2924,11.9756
5.3964,0.1456,0.0367,2.0898,1.4604,2.3799,4.145,8.0563,7.6323,4.2386,5.0972,0.2214,14.4933,2.1317,3.8906,1.7683,5.4603
5.4963,0.144,0.0351,2.2787,1.4696,1.4508,1.6624,8.3696,10.4628,2.3705,2.3453,0.2254,19.1536,1.7854,3.7529,2.1465,1.7095
5.5962,0.1442,0.0371,2.1832,1.4287,0.1795,0.9411,6.9234,9.1229,1.9047,1.9526,0.2308,12.465,1.3524,3.1389,5.8431,6.0503
5.6962,0.1457,0.0416,1.8325,1.3487,1.3662,1.5118,7.9107,9.3158,2.0265,2.5362,0.2374,6.8729,1.3387,1.7118,5.3615,11.6779
5.7961,0.1479,0.0472,1.4721,1.2709,2.9143,1.6759,10.2482,11.9042,1.5633,2.7217,0.2448,19.7989,1.9726,2.4774,5.5649,10.7988
5.896,0.1501,0.0526,1.4957,1.2632,1.5159,1.5331,9.3017,8.5202,4.1393,2.738,0.2529,16.6463,2.4741,3.2693,7.1496,3.0728
5.996,0.1515,0.0572,1.849,1.3149,3.3658,2.484,7.0094,0.5046,3.4051,4.4701,0.2613,11.029,2.3408,2.9269,6.2088,6.2874
6.0959,0.1519,0.0604,2.117,1.3435,1.5907,0.472,5.9204,2.0699,2.8021,2.5177,0.27,18.0277,1.6273,2.8672,5.4923,6.8089
6.1958,0.1508,0.0621,2.0863,1.3124,0.9525,0.8235,5.1438,1.4745,1.7492,1.8636,0.2786,12.2388,1.14,2.9983,2.3004,1.2
6.2958,0.1483,0.0621,1.7611,1.2331,1.7552,1.8634,4.034,1.6986,1.5513,2.7741,0.287,6.14,1.627,2.2719,1.6334,3.638
6.3957,0.1443,0.0603,1.343,1.1474,3.7408,1.1939,3.9739,4.3246,2.3666,2.7979,0.2951,20.5459,2.0787,3.333,2.4556,4.1201
6.4956,0.1391,0.0569,1.2528,1.128,1.1079,2.233,1.827,1.7227,3.5616,2.9176,0.3027,18.0346,2.1262,4.6883,2.9568,7.8763
6.5955,0.133,0.052,1.591,1.1805,3.2292,2.7995,2.5742,6.7804,3.2029,3.775,0.3096,9.0566,1.9737,4.335,4.0984,10.4823
6.6955,0.1268,0.0458,1.9318,1.2281,1.9728,0.8962,2.9012,8.0857,2.7492,2.5186,0.3157,15.6896,1.7747,4.0267,2.2949,10.6316
6.7954,0.1208,0.0388,2.0142,1.2253,1.0791,0.3864,2.0425,6.9812,1.4546,2.2616,0.3209,12.5603,1.4664,4.0132,6.0967,6.4016
6.8953,0.1158,0.0316,1.7892,1.1684,1.082,1.2349,4.0175,8.0091,1.3975,2.7445,0.3251,5.3901,1.3375,3.7224,5.9325,6.9863
6.9953,0.1122,0.0252,1.3694,1.0805,3.3706,1.7492,6.6435,10.13,2.9881,2.6206,0.3281,20.1276,1.7844,4.8606,5.2654,8.2959
7.0952,0.1104,0.0212,1.0971,1.0306,1.7254,0.8145,6.7141,5.5438,3.0536,2.7499,0.3299,20.0509,2.2355,5.045,4.4799,8.4341
7.1951,0.1103,0.0213,1.309,1.0569,2.5519,1.9863,6.7885,3.9705,3.1201,3.2394,0.3302,7.6699,2.2006,3.7083,3.9042,5.8219
7.2951,0.1118,0.0252,1.6895,1.1072,1.2653,1.8406,6.2638,5.2779,2.5554,2.6623,0.3291,13.1359,1.6949,3.2944,5.0026,1.4144
7.395,0.1142,0.031,1.8866,1.1293,0.4525,1.4312,5.3138,4.6864,1.0337,2.2718,0.3263,12.3321,1.2338,3.2828,3.7213,3.8552
7.4949,0.1169,0.037,1.7825,1.1002,1.6101,0.654,5.7444,5.0779,1.6398,2.7111,0.322,5.3012,1.4754,3.3621,1.4765,4.8653
7.5949,0.1193,0.0423,1.4129,1.0194,3.0353,1.4582,6.721,7.1983,3.4955,2.6175,0.3159,19.2014,1.9018,3.596,2.9278,4.6532
7.6948,0.121,0.0465,1.0161,0.9461,1.6053,2.3137,4.4773,4.6223,2.5357,2.6402,0.3082,21.7124,2.0261,2.5504,4.7373,6.5956
7.7947,0.1215,0.0494,1.0511,0.9465,2.8491,0.3554,1.8806,4.2869,3.0392,2.7323,0.2988,6.6563,1.9212,1.2742,5.2402,7.136
7.8947,0.1207,0.0506,1.4299,0.9952,1.2672,1.3544,1.6809,4.1742,1.982,2.858,0.2878,11.3011,1.7571,1.7365,1.4386,4.9533
7.9946,0.1185,0.0503,1.7075,1.0335,0.6207,1.995,2.0478,3.2498,1.1726,2.1772,0.2753,11.1102,1.4939,1.8549,4.2919,2.1244
8.0945,0.115,0.0483,1.7028,1.0222,1.7514,2.1861,0.2942,4.4734,2.1923,2.5182,0.2614,5.2423,1.2888,1.6487,4.0234,2.5678
8.1945,0.1105,0.0449,1.4075,0.9475,3.3157,0.5489,2.1516,5.5575,3.5085,2.8047,0.2463,18.7157,1.6069,1.1911,2.8958,4.5143
8.2944,0.1053,0.04,0.9822,0.8628,1.4533,2.8705,2.5362,1.4472,2.4882,2.4374,0.2304,22.2375,2.0862,0.3533,0.3452,8.7402
8.3943,0.0998,0.0341,0.8633,0.8522,2.4734,1.611,4.2155,6.0189,2.5288,2.3855,0.2138,7.7698,2.1666,0.5102,1.5782,10.5924
8.4943,0.0948,0.0275,1.2047,0.9088,1.2543,0.3695,3.5383,6.4242,1.7366,2.9846,0.1972,9.2349,1.7423,1.0634,5.6931,4.9709
8.5942,0.0908,0.0207,1.5383,0.967,0.762,1.2087,2.6457,5.6936,1.4662,2.0595,0.1809,9.8836,1.2083,1.319,4.7024,2.3599
8.6941,0.0884,0.0147,1.618,0.9769,1.4445,1.7086,4.3964,6.9916,2.448,2.2221,0.1657,4.6766,1.3373,1.2937,2.632,1.1595
8.7941,0.0877,0.0121,1.3962,0.9142,2.7654,0.3941,5.8887,8.5508,3.5028,3.1443,0.1525,18.018,1.7895,1.0128,2.9991,1.822
8.894,0.0887,0.0148,0.9871,0.8201,2.1218,1.7767,4.4122,4.1359,2.4794,2.1161,0.1422,22.5268,1.9664,0.6767,5.4302,0.9996
8.9939,0.0909,0.0204,0.7796,0.7855,1.8514,1.0336,3.4443,0.907,1.962,2.3217,0.1356,9.5395,1.8805,1.3253,4.824,3.3052
9.0939,0.0939,0.0265,1.0786,0.8304,0.4624,0.7812,3.3888,0.8335,1.7394,2.9401,0.1335,6.5981,1.704,2.439,1.2996,5.8609
9.1938,0.097,0.0322,1.4471,0.8956,0.4606,1.3842,3.2987,0.2958,1.6489,1.7675,0.136,9.0904,1.4423,2.828,1.2258,9.2032
9.2937,0.0995,0.0369,1.5951,0.9252,2.2341,1.5098,2.6161,1.61,2.5298,2.0433,0.1425,3.9771,1.2215,2.306,2.406,8.1423
9.3937,0.1012,0.0404,1.4501,0.8881,2.3304,0.6566,2.6464,3.0071,3.5511,3.4234,0.1522,16.3837,1.4959,2.1566,3.2433,4.0912
9.4936,0.1016,0.0426,1.0791,0.8097,2.2021,2.463,0.5146,2.4973,2.4454,1.886,0.1641,23.1101,1.9962,2.7793,3.4543,5.0957
9.5935,0.1008,0.0433,0.7505,0.7623,2.2436,1.0206,1.5601,5.8057,1.469,2.2649,0.1771,10.6822,2.1262,3.5443,1.106,4.8255
9.6935,0.0986,0.0425,0.8912,0.7795,0.7986,0.9718,0.7881,5.3433,1.8263,2.8887,0.1906,4.9191,1.7056,4.1161,6.2189,4.7683
9.7934,0.0952,0.0404,1.2719,0.8346,0.1034,2.0079,1.0543,4.5315,1.671,1.4305,0.2037,7.913,1.1191,3.6147,5.4389,6.73
9.8933,0.091,0.0369,1.5178,0.8805,2.2742,2.5692,1.9439,6.2132,2.5643,1.856,0.2161,3.8416,1.2625,2.8577,3.23,3.7481
9.9933,0.0863,0.0323,1.494,0.8702,2.7198,0.8884,2.9651,6.5028,3.6443,3.7756,0.2273,14.4929,1.7286,3.3908,1.7441,1.1435
10.0932,0.0817,0.0268,1.2087,0.8046,1.7617,2.7012,2.7175,1.6521,2.3934,1.5509,0.237,23.0947,1.888,3.8343,4.8514,2.3948
10.1931,0.0777,0.0206,0.8367,0.7418,1.9056,1.9569,3.2457,2.8297,1.033,2.306,0.2451,12.0539,1.7966,3.9486,4.5956,1.563
10.2931,0.0749,0.0143,0.7795,0.7267,0.7809,0.6673,2.419,2.6901,1.9923,2.6416,0.2512,4.5959,1.617,3.712,4.2014,3.3156
10.393,0.0736,0.0092,1.0935,0.7599,0.7563,1.0584,1.9666,2.432,1.7138,1.0238,0.2554,6.1186,1.3531,2.6805,1.9226,1.5313
10.4929,0.0741,0.0087,1.3737,0.8091,1.9182,1.9869,2.8772,3.5721,2.3788,1.9152,0.2575,4.3591,1.1714,2.3443,0.8565,6.2582
10.5929,0.076,0.0134,1.4244,0.8173,2.3227,0.7473,3.3361,4.6956,3.8486,4.0135,0.2575,13.0511,1.4505,2.9458,4.17,7.8512
10.6928,0.0788,0.0193,1.2124,0.7642,2.298,1.4482,1.3061,3.4251,2.4011,1.1705,0.2554,22.1428,1.8894,2.9992,4.8049,4.7249
10.7927,0.082,0.025,0.8425,0.6977,1.2394,1.2555,0.3383,3.9884,1.1058,2.277,0.2513,13.7093,1.9871,2.886,0.3854,6.2657
10.8926,0.0849,0.03,0.6425,0.6707,0.096,0.5506,1.7834,3.156,2.075,2.1446,0.2451,4.5827,1.5986,2.6679,4.8881,8.678
10.9926,0.0872,0.0341,0.8901,0.6921,0.9974,1.0059,2.2305,2.574,1.3042,0.7009,0.2371,4.4657,1.0748,1.9799,5.6462,6.0311
11.0925,0.0884,0.0369,1.2038,0.7372,2.5501,1.343,0.5472,3.6293,2.3124,2.2189,0.2274,5.043,1.2139,2.057,4.336,2.2377
11.1924,0.0884,0.0386,1.3162,0.7528,1.748,0.4643,0.2203,2.6568,4.2624,3.8505,0.2161,11.4653,1.6496,2.8984,0.9924,3.2348
11.2924,0.087,0.0389,1.1574,0.7079,2.4725,1.8929,2.0227,2.3623,2.0658,1.1087,0.2036,21.0879,1.7877,3.2106,1.8577,1.295
11.3923,0.0845,0.0379,0.7868,0.6357,1.6256,0.9206,2.5959,4.6372,1.2737,1.9565,0.1899,14.6433,1.6613,3.2873,4.8472,2.0482
11.4922,0.0809,0.0356,0.4822,0.5959,0.6412,0.7705,1.0929,3.8737,1.8367,1.9075,0.1754,5.5935,1.4795,3.1367,6.6442,1.6802
11.5922,0.0767,0.0321,0.7344,0.6243,0.5614,1.8594,0.95,3.4172,1.0558,0.5398,0.1605,3.4335,1.3042,2.6419,4.6307,0.9974
11.6921,0.0722,0.0277,1.1302,0.7021,2.5512,2.4919,2.0575,5.0156,2.4861,2.2596,0.1455,5.5865,1.1831,3.0794,0.8299,3.7538
11.792,0.068,0.0224,1.3342,0.7541,2.161,1.1333,2.1098,4.8615,4.4622,3.8927,0.1309,9.2861,1.3543,3.6373,3.3376,3.5561
11.892,0.0647,0.0166,1.2624,0.7301,1.8815,2.4908,1.0304,1.8128,1.7984,0.8965,0.1173,20.1807,1.7078,3.4649,3.6546,1.9926
11.9919,0.0629,0.0106,0.9545,0.6584,1.3461,2.135,1.0507,1.3724,1.3952,1.8209,0.1052,14.9125,1.8163,3.139,0.7948,2.0203
12.0918,0.0627,0.0059,0.5947,0.6034,0.6045,1.1648,1.3541,0.8549,1.5081,1.4557,0.0956,7.1581,1.5,2.6378,3.1563,2.1141
12.1918,0.0642,0.007,0.6249,0.6032,1.058,1.3384,1.5098,0.8526,0.8739,0.418,0.0891,2.9102,1.0682,2.4359,5.0815,3.4141
12.2917,0.0667,0.0122,0.9765,0.6502,2.0678,2.4645,0.7562,0.9485,2.8546,2.4282,0.0863,6.2367,1.1835,2.8525,5.8729,6.2844
12.3916,0.0699,0.0178,1.2266,0.6907,2.0527,1.4358,1.1116,1.3414,4.4747,3.6609,0.0871,7.2065,1.5253,2.6447,3.8764,5.2995
12.4916,0.0731,0.0229,1.2348,0.6799,2.207,1.7857,1.9629,3.8057,1.4157,0.8798,0.091,18.7264,1.603,2.0065,1.9109,3.1997
12.5915,0.0758,0.0273,0.9983,0.6292,0.7059,1.8876,1.9496,4.599,1.2511,1.537,0.0971,15.2637,1.4889,1.5822,4.7644,3.335
12.6914,0.0776,0.0307,0.6264,0.5758,0.0488,0.9979,1.8813,3.6092,1.1489,1.1504,0.1046,8.1219,1.4046,1.2999,6.7708,4.1326
12.7914,0.0784,0.033,0.4899,0.5548,1.5009,0.2155,2.3056,3.2939,1.0055,0.3666,0.1125,3.0296,1.3235,1.4865,5.6074,3.5239
12.8913,0.0779,0.0341,0.8223,0.5946,2.553,1.2359,1.6665,4.3948,3.0977,2.4902,0.1205,7.3632,1.167,1.4692,2.5744,1.684
12.9912,0.0762,0.0341,1.1403,0.6565,1.4075,0.3854,1.2007,2.8996,4.2636,3.4289,0.128,5.6639,1.1909,0.9019,1.8016,5.7563
13.0912,0.0735,0.0328,1.2359,0.6708,2.4235,0.8963,2.263,0.8148,1.1882,0.8954,0.1349,16.7178,1.4894,0.4924,1.6318,6.9599
13.1911,0.0699,0.0305,1.0734,0.627,1.2353,0.8242,1.9507,1.657,1.0657,1.2146,0.1409,15.45,1.6509,0.5748,1.3014,4.5687
13.291,0.0658,0.0271,0.7208,0.5614,0.6239,0.2222,0.3153,1.0353,0.9456,0.9197,0.146,8.7757,1.4564,0.6958,2.3718,1.131
13.391,0.0617,0.0228,0.4333,0.5221,0.9402,0.8481,0.6214,1.1701,1.097,0.3583,0.1501,3.5567,1.1223,0.8648,4.1961,2.4745
13.4909,0.0582,0.0177,0.664,0.5502,2.6918,1.6356,0.7589,2.4771,3.2131,2.377,0.1533,8.6242,1.1063,0.8081,5.7878,4.6913
13.5908,0.0557,0.0122,1.0152,0.6143,1.7093,0.8268,0.5044,2.9566,4.0051,3.2908,0.1556,4.0378,1.3051,0.4833,5.4607,2.859
13.6908,0.0547,0.0064,1.1855,0.6439,1.7035,1.5689,1.2722,3.6118,1.0055,0.9242,0.1571,14.9023,1.3809,0.658,3.6719,4.2063
13.7907,0.0554,0.0017,1.1104,0.6204,1.159,1.8449,1.0052,3.4432,0.8979,1.0627,0.1577,14.8714,1.3777,1.1412,3.1602,3.3619
13.8906,0.0574,0.0061,0.8195,0.5643,0.8334,1.2493,1.8701,2.681,0.7997,0.6891,0.1578,9.6311,1.4161,1.4057,5.3656,1.6615
13.9906,0.0603,0.0117,0.4607,0.5093,1.0787,0.9117,2.3236,2.4855,1.1686,0.2491,0.1573,4.3302,1.3588,1.5426,5.5106,2.9109
14.0905,0.0634,0.0169,0.5232,0.5148,2.025,2.0292,1.4375,2.2518,3.2766,2.3798,0.1564,9.4837,1.088,1.5284,3.837,4.4763
14.1904,0.0664,0.0214,0.899,0.5813,2.0466,1.6136,1.7888,0.6649,3.6533,3.0947,0.1551,2.6071,0.9557,1.5751,2.6337,2.4641
14.2904,0.0687,0.0251,1.1437,0.6276,1.5214,1.548,2.9579,3.1988,0.829,0.9057,0.1536,13.2658,1.2918,2.1458,0.9338,1.2797
14.3903,0.0701,0.0279,1.1419,0.6134,0.4144,1.8719,2.3558,3.1403,0.6573,0.8582,0.1521,13.9168,1.5713,2.6012,1.7944,5.5165
14.4902,0.0704,0.0297,0.8993,0.5543,0.4504,1.4926,1.8124,2.1441,0.8165,0.4465,0.1505,10.1411,1.4953,2.5088,1.6563,6.5491
14.5902,0.0696,0.0303,0.5174,0.4863,1.6547,0.5932,2.2387,2.2901,1.2281,0.239,0.1491,5.4123,1.1779,2.4453,2.5932,3.3577
14.6901,0.0676,0.03,0.382,0.4685,1.9894,0.5452,1.639,3.393,3.118,2.3077,0.1478,10.1193,0.9495,2.5443,4.925,2.9632
14.79,0.0646,0.0285,0.7161,0.5184,1.6712,0.8621,0.9705,2.4839,3.2618,2.849,0.1469,2.9537,1.0159,2.7025,6.0627,4.2497
14.89,0.061,0.0261,0.9974,0.5687,1.7401,0.3845,1.8191,1.6053,0.871,0.9824,0.1463,11.2093,1.2134,3.1189,4.3041,4.289
14.9899,0.0572,0.0228,1.0706,0.5778,0.7361,0.7057,1.0762,1.246,0.6283,0.5998,0.1461,13.1626,1.3933,3.0535,1.3718,3.6608
15.0898,0.0535,0.0187,0.9155,0.548,0.5064,1.2079,0.9989,1.339,0.8597,0.3524,0.1464,9.9188,1.4758,2.4909,2.9849,2.7262
15.1897,0.0506,0.014,0.5886,0.4923,1.2121,1.1141,1.5572,1.0972,1.038,0.2495,0.1472,6.29,1.3356,2.5041,4.4009,1.0296
15.2897,0.0489,0.0088,0.3472,0.4582,2.2998,0.6242,0.8417,0.4225,2.8493,2.0699,0.1484,11.0213,0.9275,2.5659,4.3764,0.6893
15.3896,0.0487,0.0034,0.6104,0.492,1.5511,0.1272,1.6,2.559,3.1185,2.7974,0.15,3.9144,0.7055,2.4876,3.8557,1.4923
15.4895,0.05,0.0021,0.9274,0.5475,1.2102,0.5049,2.5092,3.9631,0.8437,1.0361,0.152,8.9906,1.189,2.5854,1.0031,1.0599
15.5895,0.0523,0.0075,1.0633,0.5692,0.8772,0.7561,1.9007,3.4442,0.7622,0.5892,0.1543,12.2124,1.6062,2.1247,1.9488,2.6199
15.6894,0.0552,0.0125,0.9714,0.5454,1.0233,0.2947,2.2675,2.5075,0.6703,0.2777,0.1567,9.517,1.589,1.5092,0.8086,2.0556
15.7893,0.0582,0.0171,0.6801,0.4832,1.2027,0.6086,2.7913,2.5563,0.7961,0.1227,0.1591,6.5528,1.171,1.7674,1.5308,1.0449
15.8893,0.0608,0.021,0.3399,0.4303,1.7835,1.3823,1.9877,2.4316,2.7723,2.0972,0.1613,11.9443,0.6891,1.7871,3.4662,1.5155
15.9892,0.0626,0.0241,0.4664,0.4522,2.0088,1.0494,2.0315,0.2926,2.9399,2.6923,0.1633,4.8726,0.7848,1.6348,5.0377,1.231
16.0891,0.0634,0.0264,0.8172,0.5158,0.8542,1.0508,2.7006,1.1252,0.6495,0.8948,0.1647,7.3329,1.1924,1.7898,3.7856,1.6625
16.1891,0.0632,0.0277,1.0267,0.5564,0.2548,1.1581,1.8408,0.5949,0.7726,0.5443,0.1656,10.669,1.473,1.5162,1.9696,3.9007
16.289,0.062,0.0281,1.0163,0.5527,0.9486,0.6445,1.5569,0.7879,0.4504,0.2358,0.1656,9.2777,1.5198,1.0973,2.5396,5.4502
16.3889,0.0597,0.0274,0.7869,0.5011,1.817,0.2131,2.0412,0.9867,0.6541,0.1281,0.1648,6.5756,1.2482,1.6198,3.3783,4.3525
16.4889,0.0568,0.0259,0.4302,0.4355,1.3584,0.4142,1.1777,2.1419,2.6967,2.0678,0.1629,12.331,0.6719,1.8028,3.6877,3.3146
16.5888,0.0533,0.0234,0.3517,0.4293,1.86,0.2416,1.3046,3.0729,2.6994,2.5674,0.16,6.3097,0.5544,1.6764,3.6903,2.8596
16.6887,0.0498,0.0202,0.6801,0.4787,1.1473,0.2785,1.9202,3.3009,0.4766,0.7706,0.1558,5.9746,1.2521,1.8682,0.8545,3.5369
16.7887,0.0468,0.0163,0.9266,0.5184,0.3498,0.4708,1.2117,2.7108,0.8309,0.5814,0.1505,9.0673,1.6877,1.5888,1.2676,1.4032
16.8886,0.0446,0.0119,0.9705,0.5204,0.602,0.9908,1.8081,2.3475,0.2334,0.4581,0.1439,8.6936,1.6158,1.4501,0.5541,3.1787
16.9885,0.0439,0.0071,0.7967,0.4773,1.498,0.9402,2.3571,2.0275,0.5642,0.1617,0.1361,6.7689,1.0776,2.0271,0.99,5.0201
17.0885,0.0445,0.0023,0.4646,0.4124,1.8389,0.6037,1.628,0.7945,2.7237,2.1305,0.1271,12.3454,0.3888,1.9316,1.7177,4.5804
17.1884,0.0464,0.0031,0.2641,0.3934,1.2671,0.3426,2.1277,2.3109,2.3151,2.3062,0.117,7.7088,0.72,1.7188,3.2158,2.5306
17.2883,0.0491,0.0078,0.5624,0.4348,0.9193,0.3816,2.5918,3.0119,0.2559,0.6463,0.1058,4.4693,1.2944,1.8381,3.7226,2.447
17.3883,0.0521,0.0122,0.8455,0.4827,0.7529,0.6448,1.8472,2.0623,0.7861,0.5543,0.0938,7.8634,1.5707,1.5487,3.2415,2.4362
17.4882,0.0548,0.0162,0.9534,0.5061,0.9967,0.2125,2.1335,1.3479,0.1897,0.6227,0.0811,7.5529,1.4894,1.8057,3.6774,1.9152
17.5881,0.0571,0.0195,0.854,0.4875,1.1212,0.8902,2.5935,1.874,0.6113,0.1647,0.068,6.7241,1.0501,2.1103,3.2705,5.4829
17.6881,0.0585,0.0221,0.5821,0.4335,1.7568,1.417,1.6466,2.0059,2.6138,2.0967,0.0549,12.5134,0.358,1.7007,2.9616,5.3212
17.788,0.0589,0.0239,0.3128,0.3993,1.5181,1.4159,1.7002,1.7182,1.8414,2.0435,0.0424,8.5278,0.637,1.6611,2.2667,3.4068
17.8879,0.0584,0.0248,0.474,0.4191,0.4091,1.1622,2.0588,1.3649,0.3377,0.5964,0.0322,3.6344,1.3586,1.7622,1.1225,3.9336
17.9879,0.0569,0.0249,0.7753,0.4613,0.4285,1.1743,1.304,1.1569,0.7734,0.5776,0.0274,6.5885,1.7136,1.5111,0.698,4.1605
18.0878,0.0545,0.024,0.9451,0.4944,1.2052,0.4201,1.6379,1.4492,0.2945,0.78,0.0306,6.3824,1.5497,1.8057,1.1128,1.281
18.1877,0.0515,0.0223,0.9129,0.4895,1.4856,0.3484,2.0805,0.7999,0.6732,0.172,0.0398,6.0785,0.9114,1.8014,0.5728,1.5525
18.2877,0.0482,0.0198,0.6807,0.4366,1.2508,0.5464,1.2102,1.7886,2.4181,1.9911,0.0514,12.6612,0.0813,1.284,0.7003,0.5848
18.3876,0.0451,0.0167,0.3454,0.3821,1.6224,0.5815,1.6688,3.3365,1.3337,1.7583,0.0637,9.1358,0.8537,1.3943,2.4056,3.4037
18.4875,0.0425,0.013,0.3299,0.3814,0.5695,0.5611,1.926,3.1095,0.5613,0.6688,0.0759,3.8949,1.4262,1.41,3.8178,3.4615
18.5875,0.041,0.009,0.6516,0.4231,0.2601,0.7446,1.3235,2.1957,0.7762,0.5799,0.0875,5.019,1.5891,1.0946,2.7124,3.2068
18.6874,0.0409,0.0048,0.8812,0.4711,0.9485,0.9902,1.9476,1.8895,0.3767,0.8801,0.0983,5.4951,1.3424,1.3922,2.904,4.2765
18.7873,0.0421,0.0022,0.9207,0.488,1.382,0.6827,2.3177,1.9305,0.7463,0.2087,0.1081,5.2226,0.7717,1.4417,2.7109,4.3591
18.8873,0.0443,0.0051,0.7564,0.4523,1.4398,0.3728,1.3941,0.7406,2.1689,1.8943,0.1168,12.291,0.0929,0.9951,2.5772,2.4637
18.9872,0.047,0.0091,0.4525,0.3968,1.0325,0.1205,1.6742,0.8446,0.8013,1.4762,0.1243,9.916,0.8013,1.1802,2.123,1.6276
19.0871,0.0498,0.0129,0.2742,0.3771,0.5755,0.1501,1.8611,0.7945,0.8286,0.7978,0.1305,4.2487,1.4128,1.4005,1.1821,1.8979
19.1871,0.0523,0.0162,0.537,0.4036,0.7204,0.1132,1.2689,0.6905,0.7324,0.655,0.1354,3.8,1.6419,1.1558,0.551,2.512
19.287,0.0541,0.0189,0.8074,0.4514,0.9692,0.4596,1.7577,0.8576,0.3141,0.9226,0.1389,4.572,1.376,1.5674,1.3962,3.0926
19.3869,0.0551,0.0209,0.9145,0.4774,1.0285,0.8993,2.034,1.4295,0.9118,0.2958,0.141,4.5453,0.6807,1.8107,0.8451,2.6696
19.4868,0.0551,0.0222,0.8137,0.4469,1.5801,1.2548,1.0568,2.653,1.7096,1.6761,0.1419,11.5786,0.2376,1.3758,0.1286,0.6579
19.5868,0.0542,0.0227,0.5352,0.3812,0.9967,1.4081,1.3815,2.9722,0.5011,1.2594,0.1414,10.4564,1.017,1.5996,2.2587,1.9804
19.6867,0.0524,0.0223,0.2303,0.3407,0.1915,0.9777,1.5445,2.2569,0.8874,0.9569,0.1396,4.7632,1.4672,1.7885,3.1231,0.5688
19.7866,0.0498,0.0212,0.4014,0.356,0.6134,0.9148,1.0655,1.6863,0.6524,0.6793,0.1367,3.1687,1.4809,1.5155,1.3863,0.8983
19.8866,0.0468,0.0194,0.7073,0.4091,1.2775,0.7213,1.6995,1.6707,0.3983,0.8881,0.1326,3.5284,1.1026,1.9169,0.8424,1.5095
19.9865,0.0437,0.0169,0.8682,0.4535,1.057,1.0023,1.9114,0.9032,0.9205,0.3931,0.1275,3.7106,0.468,1.8598,1.3652,1.9853
20.0864,0.0408,0.0139,0.8272,0.4473,1.2721,1.0545,0.9423,1.3372,1.3194,1.4419,0.1215,11.0061,0.26,1.3078,1.9903,4.3857
20.1864,0.0387,0.0105,0.6021,0.3983,1.2044,1.1031,1.2336,2.3654,0.5207,1.1432,0.1148,10.4539,0.9222,1.6244,2.3022,5.2222
20.2863,0.0377,0.0068,0.295,0.3538,0.3239,0.5437,1.4059,1.7698,0.9969,1.0988,0.1074,5.6884,1.363,1.558,1.1931,3.3474
20.3862,0.038,0.0033,0.3122,0.3513,0.3838,0.5736,0.9587,1.178,0.6828,0.6984,0.0997,2.5678,1.4404,1.3019,1.3005,1.9005
20.4862,0.0394,0.0028,0.6149,0.3946,1.0806,0.2543,1.5162,1.2921,0.5564,0.784,0.0917,2.7832,1.0947,1.5362,2.2553,1.4068
20.5861,0.0416,0.006,0.8204,0.4424,1.1783,0.1142,1.6036,1.9948,1.0109,0.504,0.0839,2.4672,0.4231,1.1229,2.1513,2.3882
20.686,0.0442,0.0095,0.8406,0.4445,1.079,0.2336,0.6438,1.9901,0.9043,1.1772,0.0765,10.3942,0.4332,0.8248,0.904,1.5093
20.786,0.0467,0.0127,0.6692,0.3991,0.7166,0.8124,1.0026,1.4412,0.7471,1.1666,0.07,10.3217,1.0762,1.1952,1.4463,0.8342
20.8859,0.0487,0.0155,0.3666,0.345,0.5298,0.568,1.1619,0.7878,1.0009,1.1764,0.0648,6.4152,1.3825,0.8971,2.0181,1.5214
20.9858,0.0501,0.0177,0.1981,0.3206,0.7523,0.5087,0.8312,1.1417,0.742,0.6733,0.0615,2.3559,1.2694,0.717,1.5635,2.4624
21.0858,0.0507,0.0193,0.4886,0.3513,0.6878,0.2225,1.5501,1.0156,0.8779,0.6555,0.0604,2.708,0.8065,0.7979,1.0636,2.1895
21.1857,0.0504,0.0202,0.7425,0.4103,1.1093,0.6359,1.5711,1.1728,0.9838,0.5775,0.0615,1.1817,0.1682,0.365,0.2425,2.1859
21.2856,0.0493,0.0204,0.8325,0.4379,1.2839,1.0073,0.6438,2.7652,0.6729,0.9747,0.0645,9.3304,0.4561,0.5487,1.6226,2.4503
21.3856,0.0473,0.0198,0.7357,0.4173,0.3124,1.3388,0.9254,2.9741,0.8021,1.2137,0.069,10.3399,0.9239,0.7427,2.3735,0.3782
21.4855,0.0449,0.0186,0.4884,0.372,0.3969,0.8087,1.2731,1.9556,1.1068,1.1989,0.0744,6.6907,1.1658,0.3983,0.9835,3.1858
21.5854,0.0421,0.0167,0.2316,0.3323,0.9245,0.6518,0.9198,1.1976,0.9859,0.6946,0.0802,2.9074,1.1282,0.2649,2.0209,4.541
21.6854,0.0394,0.0143,0.3931,0.3397,1.024,0.7748,1.2982,1.3268,1.1202,0.5674,0.0862,3.2044,0.7806,0.495,2.747,4.0324
21.7853,0.0372,0.0115,0.671,0.3934,0.6525,0.912,1.1833,1.0306,0.8846,0.7266,0.0919,0.4179,0.208,0.3182,2.4784,3.8795
21.8852,0.0358,0.0084,0.8101,0.4282,1.3332,0.9418,0.1189,0.8188,0.5667,0.7191,0.0971,8.052,0.5284,0.4392,0.9558,5.0532
21.9852,0.0355,0.0052,0.76,0.4126,0.6092,1.2323,0.3476,0.6108,0.8962,1.345,0.1017,10.1129,1.028,0.8652,0.5933,3.9898
22.0851,0.0364,0.0031,0.543,0.3656,0.0207,0.8154,0.8903,0.6857,1.3476,1.2856,0.1055,6.9551,1.1809,0.68,1.3961,1.5225
22.185,0.0381,0.0043,0.2516,0.3171,0.8004,0.8697,0.4613,1.4099,1.0972,0.6774,0.1084,3.3691,0.9527,0.5599,2.6369,1.5468
22.285,0.0403,0.0071,0.289,0.3101,1.1052,0.3693,1.0246,1.3502,1.1896,0.3638,0.1105,3.8186,0.4703,1.0663,2.1233,3.2738
22.3849,0.0427,0.0101,0.5747,0.3586,0.683,0.6674,0.8518,2.2775,0.9191,0.8827,0.1116,1.1872,0.0691,0.9337,0.5156,2.4062
22.4848,0.0448,0.0128,0.7529,0.4017,0.9886,0.3776,0.2975,3.0044,0.3528,0.5102,0.1117,7.0065,0.5071,1.055,1.4715,1.7339
22.5848,0.0464,0.0151,0.7562,0.4004,0.4105,1.0678,0.516,2.3646,1.1256,1.5745,0.1109,9.4432,0.7873,1.4189,2.3201,1.5881
22.6847,0.0473,0.0168,0.5894,0.3648,0.3624,1.0818,1.0163,1.3702,1.4996,1.1805,0.1092,7.3467,0.8941,1.0233,0.5189,3.2399
22.7846,0.0474,0.018,0.314,0.3166,0.7125,1.0543,0.7528,1.1421,1.1436,0.5004,0.1066,3.5683,0.7972,1.3069,1.5541,2.921
22.8846,0.0467,0.0185,0.2152,0.2958,0.6373,0.6594,1.2235,0.7867,1.2351,0.5484,0.1031,4.2286,0.4794,1.7115,2.3256,0.8311
22.9845,0.0453,0.0184,0.48,0.3331,0.9973,0.2847,0.9884,0.5671,0.9823,0.8899,0.099,2.4307,0.0287,1.2916,2.7042,1.6688
23.0844,0.0432,0.0176,0.6859,0.379,0.831,0.7716,0.3235,1.8118,0.1926,0.6848,0.0943,5.9904,0.4982,1.4477,1.9048,1.7016
23.1844,0.0408,0.0163,0.7396,0.3915,0.0523,0.4764,0.5081,1.6623,1.3751,1.6046,0.0891,8.7451,0.8289,1.5609,0.6384,2.0769
23.2843,0.0382,0.0144,0.634,0.3755,0.4475,0.4514,1.3403,1.1028,1.569,0.8553,0.0837,7.4507,0.8684,1.1921,1.6986,2.8985
23.3842,0.0358,0.0121,0.4069,0.34,0.9462,0.774,0.7999,1.1268,1.1385,0.2551,0.0782,3.9325,0.6163,1.6735,3.1897,3.4374
23.4842,0.0339,0.0094,0.221,0.3092,0.7399,1.536,0.406,1.5794,1.3057,0.8064,0.0729,4.5673,0.2123,1.6468,2.4112,1.3956
23.5841,0.0331,0.0066,0.4096,0.3282,0.6845,1.1797,0.3631,2.1266,1.0139,0.7101,0.0681,3.5084,0.2032,0.9976,0.9642,1.3054
23.684,0.0332,0.0039,0.6472,0.3742,1.0315,1.5518,0.8656,1.9539,0.2982,0.6761,0.0642,4.6924,0.4409,1.2627,1.8099,1.1588
23.7839,0.0344,0.0028,0.7555,0.3958,0.4404,1.1727,0.376,1.0361,1.5715,1.4319,0.0615,8.2224,0.5559,1.2472,2.3942,0.8094
23.8839,0.0363,0.0046,0.6984,0.3841,0.0493,0.5784,0.7291,0.974,1.6465,0.9025,0.0603,7.1831,0.5881,0.9992,1.2775,0.5783
23.9838,0.0386,0.0072,0.4934,0.3451,0.8824,0.2716,0.1337,1.2134,1.1033,0.3544,0.0607,4.3841,0.5104,1.3157,1.1016,0.9458
24.0837,0.0408,0.0097,0.2402,0.303,1.0037,0.8936,0.7895,0.835,1.2964,0.7828,0.0626,5.0344,0.2949,1.1243,1.5726,4.027
24.1837,0.0427,0.012,0.3222,0.311,0.4421,0.6838,0.3834,1.9466,1.1266,0.8599,0.0659,4.2624,0.0967,0.5006,3.1754,4.1691
24.2836,0.044,0.0138,0.5782,0.357,0.6911,0.7924,0.2572,2.7115,0.5789,0.6195,0.0702,3.4761,0.352,0.8696,3.3707,3.3538
24.3835,0.0447,0.0151,0.7286,0.3852,0.4234,1.1343,0.5414,1.9941,1.7795,1.5048,0.0752,7.521,0.5354,1.0927,1.8667,2.6992
24.4835,0.0447,0.0158,0.7227,0.3813,0.5354,0.7157,1.3947,1.0437,1.5568,0.769,0.0804,6.9239,0.5401,0.9673,1.1693,2.4477
24.5834,0.0439,0.016,0.5675,0.3497,0.3665,0.359,0.9087,0.8097,1.0113,0.2414,0.0858,4.5514,0.3755,1.2196,2.8188,1.0198
24.6833,0.0425,0.0156,0.3268,0.3083,0.7773,0.6067,0.7405,1.1141,1.4124,0.9361,0.091,5.3901,0.1764,1.2684,2.2818,1.2474
24.7833,0.0405,0.0147,0.2576,0.3046,1.0129,0.5001,0.9698,1.0658,1.1433,0.8556,0.0959,4.9893,0.2132,0.7846,1.7761,1.6883
24.8832,0.0383,0.0133,0.4763,0.3434,0.0446,0.9628,1.3005,0.8242,0.8167,0.6037,0.1003,2.7767,0.2816,1.1875,1.9243,1.5204
24.9831,0.036,0.0115,0.6588,0.3777,0.4125,0.9728,1.2023,0.3637,1.9017,1.4782,0.1041,6.5626,0.3,1.6729,2.3425,1.3172
25.0831,0.0341,0.0093,0.7103,0.385,0.896,0.5628,1.5472,1.4519,1.4767,0.7012,0.1073,6.7594,0.3551,1.5187,2.6512,1.6555
25.183,0.0327,0.007,0.6113,0.3561,0.7443,0.6733,0.9178,1.5761,0.8724,0.1727,0.1097,4.5132,0.3919,1.487,2.0679,0.5467
25.2829,0.0322,0.0047,0.3875,0.297,0.359,1.6516,0.3545,1.8922,1.5316,1.0838,0.1113,5.3884,0.3235,1.4271,0.7122,2.1702
25.3829,0.0327,0.0031,0.182,0.2608,1.0739,1.3324,0.8068,2.7418,1.2462,0.9062,0.1121,5.7753,0.1474,1.0502,3.0164,0.9304
25.4828,0.0339,0.0035,0.3441,0.2824,0.4288,1.729,1.1636,2.551,1.1813,0.6852,0.1121,2.3508,0.1271,1.5775,3.727,2.8548
25.5827,0.0356,0.0054,0.5554,0.3183,0.2458,1.7109,0.451,1.4398,1.9188,1.4349,0.1111,5.7492,0.3223,1.8681,2.5735,3.6574
25.6827,0.0375,0.0076,0.6508,0.3416,0.5753,1.2677,0.803,0.7341,1.1558,0.5,0.1093,6.377,0.4032,1.3229,1.2401,3.2781
25.7826,0.0393,0.0096,0.6011,0.3404,0.9076,0.8376,0.2532,0.6407,0.9015,0.1903,0.1067,4.5874,0.3485,1.0457,1.9282,3.8041
25.8825,0.0408,0.0114,0.4257,0.3095,0.4262,1.4367,0.5202,0.027,1.8098,1.2136,0.1032,5.2192,0.2406,1.0184,2.1304,3.044
25.9825,0.0417,0.0127,0.2375,0.2856,0.7012,1.6231,0.7691,1.1807,1.0735,0.8178,0.0989,6.3007,0.1506,0.7841,2.2597,2.5663
26.0824,0.042,0.0135,0.3242,0.303,0.3255,1.5679,1.0801,1.3882,1.2969,0.6625,0.0938,2.3363,0.0514,1.2471,1.7184,1.1403
26.1823,0.0416,0.0139,0.5299,0.3336,0.1323,2.1255,1.4668,1.0322,1.6941,1.2883,0.0881,5.1523,0.2163,1.2455,1.8354,1.7535
26.2823,0.0406,0.0138,0.6539,0.3504,0.5629,1.9053,1.9658,1.3352,1.0664,0.461,0.0817,5.7555,0.4073,0.5289,3.1964,2.0895
26.3822,0.039,0.0131,0.6419,0.3391,0.4157,1.4225,1.3431,1.3948,1.0651,0.2821,0.0748,4.7209,0.4772,0.2752,2.9872,1.178
26.4821,0.037,0.012,0.4896,0.2921,0.7848,0.8236,1.0531,1.999,1.8062,1.2334,0.0675,5.1216,0.3843,0.4369,0.7588,1.8784
26.5821,0.0349,0.0105,0.26,0.2477,0.8115,1.2452,1.7756,2.1697,0.8214,0.8267,0.0599,6.504,0.1922,0.2217,1.7049,2.3624
26.682,0.0329,0.0087,0.2226,0.2605,0.2985,0.6507,1.9834,1.4188,1.2714,0.5861,0.0524,2.9778,0.2225,0.6192,2.6641,2.9595
26.7819,0.0313,0.0066,0.4312,0.3085,0.4334,1.0557,1.4995,0.8824,1.5846,1.2169,0.0453,4.4792,0.4102,0.9394,2.3457,0.8057
26.8819,0.0304,0.0044,0.5878,0.3566,1.0401,0.9483,1.4084,1.2808,1.0465,0.4293,0.0393,5.2022,0.4877,0.7028,2.3349,1.7806
26.9818,0.0304,0.0028,0.6196,0.3781,0.6387,0.9236,0.8916,0.9224,1.0752,0.2868,0.0352,4.6613,0.43,0.0157,1.6024,2.0518
27.0817,0.0312,0.0031,0.512,0.3445,0.6566,0.6533,0.4801,1.2107,1.7132,1.2925,0.0341,4.9332,0.2849,0.5339,1.8141,3.2811
27.1817,0.0326,0.0049,0.3042,0.2706,1.1124,0.1135,0.8133,2.249,0.6518,0.8917,0.0365,6.6808,0.1471,0.432,2.6548,4.6469
27.2816,0.0344,0.0071,0.1773,0.2259,0.4032,0.5979,0.8068,1.9671,1.2917,0.5931,0.0417,3.633,0.2563,0.6523,2.0582,4.3249
27.3815,0.0362,0.0091,0.3525,0.249,0.4116,0.543,0.899,0.8928,1.5075,1.1712,0.049,3.9214,0.4486,0.8998,0.4399,1.8044
27.4815,0.0377,0.0109,0.5288,0.2979,0.8318,0.3498,1.3613,0.646,0.9459,0.2765,0.0574,4.73,0.5525,0.3701,2.9338,1.4103
27.5814,0.0389,0.0124,0.5974,0.3305,0.9892,0.2015,0.9007,1.0336,1.0638,0.4,0.0664,4.4718,0.5142,0.5024,3.1893,2.4609
27.6813,0.0394,0.0134,0.5331,0.3239,0.1937,0.8509,1.0865,1.4114,1.6164,1.3801,0.0755,4.4734,0.3666,0.7415,2.1547,2.4192
27.7813,0.0394,0.014,0.3626,0.2916,0.8342,0.8306,1.8494,1.0604,0.4499,0.7993,0.0847,6.8623,0.3042,0.3714,1.1743,1.9326
27.8812,0.0388,0.0142,0.2031,0.2687,0.3105,0.8953,2.0487,0.2661,1.2685,0.5706,0.0936,4.0983,0.4749,0.5383,0.9836,2.5831
27.9811,0.0377,0.0139,0.2966,0.267,0.335,1.3682,2.1422,1.3843,1.4193,0.9973,0.1021,3.8536,0.6278,0.2786,1.5636,2.1641
28.0811,0.0362,0.0132,0.4755,0.2903,0.3075,1.3529,2.2154,1.8358,0.861,0.3039,0.1101,4.0639,0.6261,0.5848,2.1991,1.2248
28.181,0.0344,0.012,0.5778,0.3257,0.6654,0.9756,1.6761,1.602,0.9898,0.4284,0.1176,4.4099,0.4724,1.0726,1.2073,1.3583
28.2809,0.0326,0.0105,0.5571,0.3309,0.8696,0.3623,1.5025,2.2142,1.4728,1.3637,0.1243,3.9313,0.2891,0.6876,1.9816,1.074
28.3808,0.0311,0.0087,0.4203,0.2945,0.2261,0.8642,2.0012,2.4786,0.2962,0.8705,0.1303,6.7708,0.3303,0.4984,2.9973,0.8425
28.4808,0.03,0.0066,0.2414,0.2533,0.5087,0.453,1.7326,1.6168,1.2852,0.5404,0.1355,4.6586,0.5111,0.8201,2.7343,2.9357
28.5807,0.0296,0.0045,0.2421,0.2461,0.5012,0.7544,0.9753,0.6456,1.3262,0.9472,0.1399,3.976,0.6264,0.6868,0.7785,3.1724
28.6806,0.03,0.0025,0.4172,0.2759,0.8807,0.953,0.795,0.5058,0.7205,0.191,0.1434,3.2306,0.6107,1.0373,1.7747,1.4269
28.7806,0.0309,0.0019,0.5492,0.3095,0.1309,1.197,0.3569,0.2549,0.9308,0.5279,0.1461,4.4402,0.4661,1.0649,2.5642,1.602
28.8805,0.0322,0.0035,0.5668,0.3114,1.0717,0.8842,0.2514,0.5647,1.3078,1.4233,0.1478,3.5399,0.3271,0.4364,3.0804,1.5627
28.9804,0.0336,0.0054,0.4644,0.2894,0.687,0.4185,0.9917,1.1195,0.0959,0.7853,0.1486,6.4163,0.471,0.7778,2.8757,1.7396
29.0804,0.035,0.0073,0.2979,0.2767,0.464,0.7267,1.1839,0.8916,1.2449,0.5613,0.1486,5.2395,0.7002,0.976,1.7395,2.6705
29.1803,0.0362,0.0089,0.2318,0.2735,0.3028,0.5565,1.7989,1.2625,1.2635,0.7567,0.1476,4.0774,0.7806,0.6322,0.709,1.3462
29.2802,0.0369,0.0101,0.3678,0.2777,0.9308,0.2484,1.9977,1.4658,0.6014,0.242,0.1457,2.5241,0.6536,0.6851,1.2611,1.3431
29.3802,0.0371,0.0109,0.507,0.2997,0.6369,0.5414,1.6278,1.718,0.779,0.5867,0.143,4.3183,0.4017,0.6308,0.798,2.7156
29.4801,0.0369,0.0113,0.5521,0.3145,0.5928,1.329,1.9356,2.2165,1.1552,1.3456,0.1394,3.1797,0.3224,0.1387,1.9469,3.2489
29.58,0.0362,0.0112,0.4879,0.3047,0.7493,1.1011,2.5694,1.8485,0.0269,0.8364,0.135,6.092,0.5299,0.6338,3.0917,3.3232
29.68,0.0351,0.0107,0.3537,0.2889,0.0705,1.2435,2.3774,1.0074,1.2747,0.4702,0.1297,5.5406,0.6981,0.8452,3.2038,4.8396
29.7799,0.0337,0.0098,0.2533,0.2757,0.2452,1.5283,2.0783,1.3089,1.2376,0.7263,0.1236,4.4325,0.719,0.5141,1.7401,4.746
29.8798,0.0322,0.0085,0.322,0.2692,0.4003,1.4561,1.9403,1.3477,0.4402,0.1226,0.1168,1.9291,0.5749,0.3395,1.8276,2.7755
29.9798,0.0308,0.0069,0.4579,0.2855,0.8141,0.856,1.5178,1.0059,0.5857,0.5744,0.1092,4.0489,0.3302,0.6098,2.9158,0.6812
30.0797,0.0297,0.0051,0.5314,0.3047,0.7788,0.8909,1.2201,1.8192,1.1293,1.4552,0.101,2.6786,0.3351,0.3357,3.4661,1.1162
30.1796,0.0291,0.0031,0.4999,0.3021,0.2923,1.2817,1.3458,2.0199,0.1357,0.7825,0.0921,5.8084,0.6241,0.7846,3.6273,1.1328
30.2796,0.0291,0.0014,0.3806,0.2886,0.4738,1.1375,0.7095,1.0612,1.4378,0.6059,0.0827,5.6466,0.8167,1.1678,2.4538,0.6649
30.3795,0.0296,0.0018,0.2549,0.2773,0.5697,1.3912,0.6201,0.5653,1.16,0.5298,0.0728,4.9653,0.7944,0.6552,0.9109,2.5084
30.4794,0.0305,0.0036,0.2946,0.2784,0.6862,1.6255,0.7554,0.7053,0.2199,0.2724,0.0626,1.1896,0.559,0.6474,0.8033,2.9554
30.5794,0.0317,0.0054,0.4451,0.3025,0.432,1.4932,0.6589,1.2314,0.6092,0.7595,0.0523,3.8596,0.2728,1.0571,1.8446,1.1261
30.6793,0.033,0.0071,0.5417,0.3201,1.1387,0.5382,1.3201,1.1326,1.0587,1.3583,0.0422,2.1487,0.4308,0.8564,2.0489,1.1758
30.7792,0.0341,0.0085,0.529,0.3036,0.3752,0.6464,1.8915,0.386,0.4489,0.692,0.0329,5.3253,0.7092,1.3325,2.7252,1.3361
30.8792,0.0349,0.0096,0.4211,0.2731,0.471,0.498,1.9769,0.9384,1.4968,0.6143,0.0258,5.8133,0.8116,1.3114,2.6982,1.0022
30.9791,0.0354,0.0104,0.2852,0.2559,0.356,0.3223,2.3313,1.7633,0.9625,0.3417,0.0231,5.3296,0.6979,0.6432,1.9467,1.8388
31.079,0.0355,0.0108,0.2662,0.2568,0.942,0.6352,2.3309,1.6173,0.1604,0.2748,0.0263,0.4723,0.4137,1.4591,3.1511,2.8997
31.179,0.0351,0.0109,0.39,0.2788,0.5723,1.0022,1.997,1.7443,0.6284,0.7729,0.0336,3.7787,0.1324,1.6257,4.0319,3.6887
31.2789,0.0343,0.0106,0.4994,0.3014,0.7279,0.8641,2.1562,2.2555,0.8286,1.2752,0.0427,1.7953,0.4148,1.3252,3.5772,2.5567
31.3788,0.0331,0.0099,0.526,0.3013,0.7754,0.4097,2.3864,1.7418,0.7181,0.6963,0.0523,4.6861,0.7128,1.6415,3.3782,1.2233
31.4788,0.0318,0.0089,0.468,0.2896,0.2229,0.3869,1.7713,0.6263,1.4958,0.6333,0.062,5.9344,0.8404,1.2849,2.1222,1.1413
31.5787,0.0305,0.0076,0.3515,0.275,0.304,0.548,1.2286,0.3429,0.828,0.1956,0.0712,5.5864,0.7292,1.2391,1.0056,0.8025
31.6786,0.0293,0.006,0.2454,0.2541,0.5704,0.6405,1.1036,0.1885,0.1961,0.2807,0.0799,0.6645,0.3943,2.0512,2.0387,1.0446
31.7786,0.0284,0.0043,0.2875,0.2504,1.1661,0.5755,0.7096,0.1903,0.5942,0.7947,0.0879,3.6083,0.1881,1.8537,2.4434,0.5374
31.8785,0.028,0.0024,0.4115,0.2698,0.4242,0.1523,0.2192,0.7726,0.5736,1.1961,0.095,1.5963,0.5652,1.4075,2.1419,2.0681
31.9784,0.0281,0.0007,0.483,0.2821,0.7623,0.5105,0.4482,0.95,0.9682,0.6963,0.1012,4.1522,0.8007,1.6442,2.9745,2.0624
32.0784,0.0287,0.0016,0.4656,0.2829,0.5051,0.6533,0.7274,1.11,1.4789,0.6793,0.1063,5.8019,0.7964,1.3743,3.2016,1.7994
32.1783,0.0295,0.0034,0.3719,0.275,0.7044,0.836,1.4627,1.4506,0.7349,0.0438,0.1104,5.9545,0.5806,1.5465,2.5078,1.7969
32.2782,0.0305,0.0051,0.2606,0.255,0.1941,1.2882,1.5057,1.3134,0.2414,0.338,0.1132,1.1242,0.2253,2.2314,3.4948,1.4119
32.3782,0.0315,0.0066,0.2638,0.2461,1.0429,1.4624,1.5361,1.6807,0.5324,0.8812,0.1149,3.3196,0.182,2.0107,4.1068,0.5901
32.4781,0.0324,0.0078,0.3684,0.2595,0.9142,0.8624,2.1262,1.6665,0.3459,1.0415,0.1154,1.4195,0.5395,1.5213,3.9378,1.5013
32.578,0.0329,0.0087,0.4413,0.2673,0.2854,0.63,2.3626,0.8442,1.2125,0.7471,0.1148,3.689,0.7589,1.8674,4.0126,2.401
32.6779,0.0332,0.0093,0.4388,0.2651,0.386,0.74,2.0763,0.7613,1.4103,0.7276,0.1129,5.5561,0.7815,1.8951,2.9515,2.8747
32.7779,0.033,0.0096,0.3654,0.2596,0.5856,0.6186,2.1361,1.1613,0.6434,0.1372,0.1099,6.2842,0.5842,2.0733,1.5214,3.0161
32.8778,0.0326,0.0095,0.2647,0.2458,0.5954,0.7997,2.0878,0.7576,0.3309,0.3147,0.1057,1.702,0.1989,2.7303,1.9055,2.5634
32.9777,0.0318,0.0091,0.2662,0.2459,0.7599,1.5413,1.6534,0.9156,0.3535,0.8752,0.1005,3.1132,0.2701,2.5497,2.0408,0.1388
33.0777,0.0309,0.0084,0.3872,0.2731,0.7682,1.7253,1.4916,1.538,0.4518,0.8861,0.0944,1.2679,0.6488,2.0451,2.495,1.0302
33.1776,0.0298,0.0074,0.489,0.2949,0.4815,1.424,1.3897,1.2068,1.3091,0.8473,0.0874,3.077,0.8107,2.4978,4.0146,1.1468
33.2775,0.0288,0.0062,0.5115,0.2983,0.1828,1.2281,0.6901,0.9409,1.398,0.8057,0.0796,5.4021,0.7252,2.6435,4.6439,1.069
33.3775,0.0281,0.0048,0.4487,0.2885,0.3726,1.1684,0.1266,0.9495,0.6958,0.3483,0.0711,6.3744,0.4573,2.6705,3.6109,1.1507
33.4774,0.0276,0.0033,0.3299,0.2633,0.5508,0.6343,0.175,1.0815,0.4269,0.3608,0.062,2.3881,0.1752,3.0595,2.8553,1.7763
33.5773,0.0274,0.0018,0.2527,0.2438,1.1599,0.7932,0.6127,1.247,0.2666,0.8553,0.0526,3.0845,0.3681,2.6856,2.8864,2.6947
33.6773,0.0277,0.0009,0.3157,0.2534,0.4404,1.2068,1.0872,0.5054,0.6014,0.6331,0.0431,1.2511,0.6265,2.1852,3.9951,3.248
33.7772,0.0283,0.0019,0.4106,0.2672,0.6806,1.1364,1.1973,0.6049,1.5036,1.1096,0.0337,2.4248,0.7379,2.688,5.1315,3.1408
33.8771,0.029,0.0034,0.4506,0.269,0.495,0.896,1.4984,1.5245,1.3244,0.7441,0.0252,5.19,0.6813,2.6856,4.6139,2.151
33.9771,0.0299,0.0047,0.4212,0.2644,0.6995,1.0404,1.9481,1.7174,0.6344,0.4255,0.0193,6.3834,0.4783,2.4242,2.9082,0.7255
34.077,0.0306,0.0059,0.3412,0.2508,0.2812,0.8961,1.8875,1.3292,0.5519,0.3357,0.0186,2.9058,0.2409,2.5696,1.4103,0.9742
34.1769,0.0312,0.0069,0.2745,0.2405,1.1152,0.2568,1.7796,1.6578,0.1118,0.7179,0.0237,3.085,0.4017,2.1082,0.7286,0.5248
34.2769,0.0316,0.0076,0.2951,0.2475,0.8562,0.4675,2.0755,1.6609,0.9146,0.5945,0.0316,1.4635,0.675,1.7132,2.1232,1.4172
34.3768,0.0316,0.008,0.3611,0.2539,0.2568,0.7524,1.9842,0.7377,1.5024,1.3046,0.0404,2.0184,0.7709,2.2276,4.358,1.2609
34.4767,0.0313,0.0082,0.409,0.2572,0.3688,0.555,1.4556,0.1542,1.2538,0.6197,0.0494,4.7502,0.6529,2.0882,5.1446,1.7968
34.5767,0.0308,0.008,0.4176,0.2683,0.7372,0.6192,1.3834,0.1244,0.7464,0.4108,0.0581,6.4869,0.4191,1.6753,4.3706,1.716
34.6766,0.0301,0.0076,0.3844,0.2713,0.6669,0.3196,1.3574,0.3545,0.7217,0.3613,0.0663,3.2326,0.3356,1.8474,3.2744,1.5475
34.7765,0.0293,0.0069,0.3393,0.2649,0.7342,0.4455,0.8737,0.1844,0.145,0.4502,0.0739,3.0071,0.5067,1.5444,2.3219,2.6234
34.8765,0.0285,0.0061,0.3376,0.2684,0.873,0.8458,0.4908,0.6621,1.0548,0.7974,0.0807,1.8318,0.6522,1.2935,3.2722,2.6329
34.9764,0.0278,0.005,0.3801,0.2733,0.315,0.9174,0.6472,1.1708,1.522,1.246,0.0866,1.7411,0.6866,1.8514,5.0458,3.415
35.0763,0.0273,0.0039,0.4179,0.269,0.1235,0.5848,0.9742,1.6957,1.2759,0.4719,0.0915,4.271,0.6286,1.7132,5.0389,4.1931
35.1763,0.027,0.0028,0.4165,0.262,0.2898,0.6822,1.0397,1.5698,0.8391,0.2717,0.0953,6.5044,0.508,1.3076,3.6936,4.128
35.2762,0.0271,0.002,0.3662,0.2486,0.8976,0.4009,1.0382,1.5394,0.7868,0.3322,0.098,3.6045,0.4047,1.6337,2.3888,3.0919
35.3761,0.0275,0.002,0.3021,0.2375,0.8864,0.0764,1.5006,1.6677,0.261,0.4219,0.0994,2.9599,0.4916,1.4428,1.5781,3.0725
35.4761,0.028,0.0028,0.301,0.2499,0.5272,0.3995,1.7931,0.9291,1.1552,0.7883,0.0997,2.1699,0.6654,1.3551,1.4715,2.1817
35.576,0.0285,0.0038,0.3628,0.2677,0.6039,0.8491,1.565,0.5269,1.5578,1.312,0.0987,1.469,0.7274,1.8483,3.0887,1.0798
35.6759,0.0291,0.0047,0.4183,0.2728,0.4236,0.911,1.5509,1.0752,1.2906,0.4054,0.0964,3.9429,0.6413,1.5265,3.9207,1.7102
35.7759,0.0296,0.0056,0.4297,0.2719,0.2955,1.1115,1.876,0.8476,0.9177,0.2203,0.0928,6.2713,0.5042,1.3379,4.1749,1.9165
35.8758,0.0299,0.0063,0.3867,0.2603,0.7784,1.1756,1.7224,0.4526,0.7975,0.4503,0.088,4.019,0.47,1.7576,4.479,0.2557
35.9757,0.03,0.0067,0.3124,0.2408,0.9528,0.7069,1.2972,0.9102,0.3432,0.2642,0.0821,3.087,0.5589,1.4748,3.5707,0.6815
36.0757,0.0299,0.007,0.2734,0.2385,0.5192,0.2686,1.3463,1.221,1.198,0.8813,0.0749,2.4215,0.6521,1.5677,2.9236,0.7178
36.1756,0.0296,0.007,0.3066,0.2476,0.3509,0.5128,1.4165,1.1364,1.6337,1.2399,0.0668,1.6098,0.6846,1.8348,3.5992,0.5723
36.2755,0.0292,0.0068,0.3635,0.2513,0.3039,0.5077,1.1289,1.1761,1.3204,0.3327,0.0576,3.5797,0.6593,1.3917,3.5279,0.9109
36.3755,0.0288,0.0064,0.3995,0.2568,0.4819,0.4202,0.8733,0.9713,0.9358,0.1283,0.0476,5.9603,0.5939,1.6093,3.1374,2.6226
36.4754,0.0283,0.0058,0.3948,0.2589,0.7365,0.6546,1.0445,1.194,0.6838,0.5007,0.0368,4.2412,0.5181,1.8437,3.2578,1.8139
36.5753,0.0278,0.0051,0.3575,0.2528,0.8693,0.8863,1.311,0.8378,0.3306,0.2158,0.0255,3.2839,0.5281,1.4329,2.5649,0.6513
36.6753,0.0275,0.0043,0.3249,0.2536,0.5084,0.9573,1.2183,0.3643,1.3205,0.9219,0.0138,2.737,0.6473,1.6035,1.8432,1.0036
36.7752,0.0273,0.0035,0.3259,0.2568,0.424,0.6976,1.1959,1.3925,1.7205,1.235,0.0046,2.0952,0.7433,1.671,2.0427,1.8855
36.8751,0.0273,0.0029,0.3553,0.2536,0.4447,0.5066,1.4927,1.8542,1.2244,0.2374,0.0127,3.0761,0.7253,1.3189,2.1099,2.5788
36.975,0.0274,0.0026,0.3905,0.2585,0.2839,0.3597,1.5777,1.3567,0.863,0.0548,0.025,5.72,0.6036,1.6137,3.2753,1.3509
37.075,0.0276,0.0028,0.4,0.2637,0.9113,0.7251,1.4409,1.2454,0.6075,0.6018,0.0374,4.2791,0.5017,1.6311,4.5904,0.9475
37.1749,0.0278,0.0034,0.3705,0.2541,0.9273,0.9607,1.5677,1.4486,0.3745,0.1011,0.0497,3.3468,0.5724,1.2027,3.9462,1.1175
37.2748,0.0281,0.0041,0.3264,0.2447,0.3647,0.881,1.6043,0.8743,1.4578,0.9993,0.0617,3.1712,0.7011,1.3875,3.2884,0.8279
37.3748,0.0284,0.0048,0.3051,0.2421,0.4904,0.5931,1.3334,0.3857,1.7494,1.1245,0.0732,2.5272,0.7429,1.4673,2.858,1.823
37.4747,0.0285,0.0054,0.3263,0.2393,0.5168,0.1579,1.2136,0.4158,1.0825,0.1225,0.084,2.7216,0.7139,1.2455,2.335,2.6164
37.5746,0.0286,0.0059,0.3726,0.2491,0.3934,0.252,1.488,0.2706,0.7306,0.1729,0.0941,5.372,0.6579,1.4971,2.9248,2.9693
37.6746,0.0285,0.0062,0.3981,0.263,0.7656,0.1864,1.3673,0.4154,0.5802,0.603,0.1033,4.3521,0.5563,1.5337,3.0826,1.5284
37.7745,0.0283,0.0064,0.3771,0.2605,0.8727,0.4882,1.074,0.2291,0.5036,0.0897,0.1116,3.3035,0.522,1.2008,1.9754,1.9892
37.8744,0.028,0.0064,0.3326,0.2535,0.4442,0.8056,1.206,1.0241,1.6082,0.9263,0.1189,3.5211,0.6987,1.4058,1.8952,1.2209
37.9744,0.0276,0.0063,0.3063,0.2503,0.1834,1.1237,1.6378,1.8124,1.6271,0.9764,0.1251,3.0235,0.8555,1.5849,2.354,0.8481
38.0743,0.0273,0.0061,0.3136,0.2409,0.392,0.7985,1.5456,1.9112,0.9022,0.2474,0.1301,2.6225,0.809,1.4513,2.7645,0.8425
38.1742,0.0269,0.0058,0.3419,0.2365,0.6189,0.7947,1.2166,1.4354,0.6969,0.2261,0.134,4.7995,0.6022,1.6127,4.0897,1.2066
38.2742,0.0267,0.0054,0.3632,0.2418,0.664,0.5308,1.5052,1.4252,0.5339,0.5352,0.1367,4.4334,0.4854,1.5831,4.2244,2.568
38.3741,0.0266,0.0051,0.3587,0.2406,0.8156,0.9998,1.8888,1.0877,0.5604,0.158,0.1383,3.3331,0.6243,1.2909,3.2235,2.0093
38.474,0.0266,0.0048,0.3421,0.2406,0.4303,1.2173,1.5576,0.2396,1.6407,0.8395,0.1388,3.6893,0.7907,1.4956,3.4487,0.512
38.574,0.0267,0.0045,0.3325,0.2458,0.2139,1.3375,1.1546,0.8452,1.5981,1.0266,0.1381,3.6962,0.8416,1.6008,3.3169,1.0196
38.6739,0.0269,0.0044,0.3282,0.2405,0.426,0.8172,1.3768,0.8391,0.7376,0.2238,0.1364,2.5285,0.7656,1.405,3.1083,0.4054
38.7738,0.0271,0.0044,0.326,0.2313,0.5343,0.6545,1.6004,0.3986,0.5074,0.2041,0.1338,4.2062,0.6216,1.4166,3.6664,0.5052
38.8738,0.0272,0.0045,0.3222,0.2278,0.7518,0.0721,1.2132,0.6307,0.5582,0.6301,0.1302,4.3047,0.5195,1.264,2.6235,1.3069
38.9737,0.0274,0.0046,0.3134,0.2221,0.7025,0.3044,0.9606,1.1399,0.7406,0.1348,0.1258,3.3768,0.6038,1.0622,1.3541,2.9364
39.0736,0.0274,0.0048,0.3145,0.226,0.4545,0.3979,1.2729,1.1002,1.7412,0.8823,0.1206,3.8616,0.8216,1.2974,1.9736,3.2041
39.1736,0.0274,0.0049,0.331,0.2426,0.2491,0.9483,1.593,1.418,1.3478,0.9726,0.1148,4.2811,0.9465,1.2598,2.7112,1.9965
39.2735,0.0274,0.005,0.344,0.2486,0.2704,0.8237,1.4065,1.2455,0.4899,0.1762,0.1084,2.5903,0.8299,1.0033,3.5326,2.1044
39.3734,0.0273,0.0051,0.3504,0.2469,0.7538,0.9912,1.3905,1.1333,0.5141,0.3014,0.1014,3.7131,0.5274,1.0054,5.1364,2.8283
39.4734,0.0272,0.0052,0.3585,0.251,0.7382,0.5327,1.7218,0.8918,0.5094,0.6335,0.094,4.0075,0.4698,0.8726,4.6741,2.609
39.5733,0.0271,0.0052,0.365,0.2533,0.5545,0.3466,1.8939,0.1461,0.8401,0.1609,0.0863,3.2151,0.7603,0.8898,3.4166,1.4411
39.6732,0.0271,0.0052,0.368,0.2565,0.6837,0.4792,1.7567,0.9752,1.6467,0.8014,0.0784,4.1158,0.9434,1.1288,3.2403,2.6189
39.7732,0.0271,0.0052,0.3654,0.2616,0.4436,1.0906,1.8675,1.539,1.1802,0.9839,0.0703,4.6649,0.9154,0.9758,2.6847,2.5263
39.8731,0.0271,0.0052,0.347,0.2513,0.122,0.8241,1.7659,1.3203,0.3527,0.2048,0.0622,3.0335,0.722,0.7884,3.1449,1.3987
39.973,0.0271,0.0052,0.3147,0.2293,0.783,0.7673,1.5556,0.9288,0.4353,0.2341,0.0543,3.1044,0.5104,0.8942,4.059,0.5794
40.073,0.0271,0.0051,0.284,0.2148,0.8536,0.152,1.6145,1.1894,0.4336,0.7655,0.0466,3.7845,0.5442,0.8489,3.4025,0.5842
40.1729,0.0271,0.0051,0.265,0.2058,0.381,0.5526,1.6797,1.116,0.954,0.2259,0.0396,2.886,0.7743,1.0113,3.0905,0.6058
40.2728,0.0271,0.005,0.2707,0.2073,0.4611,0.6452,1.2222,0.5548,1.5809,0.9377,0.0336,4.2086,0.9614,1.2566,3.0969,2.157
40.3728,0.027,0.0049,0.2995,0.2239,0.5065,0.9391,0.9407,0.7162,0.9244,0.9135,0.0292,5.0833,0.9761,1.1201,2.4371,3.2125
40.4727,0.0269,0.0047,0.324,0.2328,0.4316,0.6327,1.216,0.4857,0.2032,0.0671,0.0273,3.5054,0.7488,1.0528,2.4962,2.7783
40.5726,0.0268,0.0045,0.332,0.231,0.4637,0.8178,1.4575,0.7385,0.4493,0.423,0.0281,2.2871,0.3983,1.2451,4.3687,2.3267
40.6726,0.0266,0.0043,0.3264,0.2304,0.8505,0.6439,1.2207,0.2386,0.2706,0.7966,0.0314,3.6095,0.5731,1.3072,5.0487,2.2909
40.7725,0.0265,0.0041,0.3081,0.2239,0.5051,0.4401,1.2347,0.917,1.0109,0.1384,0.0362,2.6309,0.9633,1.5841,5.0591,1.6116
40.8724,0.0263,0.0039,0.2925,0.2167,0.2587,0.3988,1.7714,1.5292,1.3833,0.8824,0.042,4.0488,1.0947,1.8122,4.5553,0.2774
40.9724,0.0262,0.0038,0.2993,0.2235,0.3244,0.7544,2.1357,1.804,0.7616,0.8307,0.0481,5.5844,0.9145,1.6564,2.4841,0.6865
41.0723,0.0261,0.0038,0.3161,0.2276,0.4101,0.9015,1.7679,1.4119,0.1795,0.087,0.0544,3.843,0.5643,1.6758,2.0324,1.2032
41.1722,0.0261,0.0039,0.3261,0.224,0.7708,1.1723,1.6473,1.164,0.3371,0.4538,0.0606,1.523,0.4331,1.8361,3.0337,1.0885
41.2721,0.0261,0.004,0.326,0.2262,0.5172,0.9514,2.1666,1.0642,0.0102,0.8755,0.0666,3.2508,0.704,1.9395,3.6295,1.2863
41.3721,0.0263,0.0043,0.3126,0.2257,0.5672,0.3784,2.2235,0.567,0.9639,0.1685,0.0723,2.4148,0.9642,2.1987,4.395,0.9598
41.472,0.0264,0.0046,0.2978,0.2211,0.6084,0.4804,1.6581,0.4257,1.287,0.9618,0.0777,3.9066,1.0622,2.184,4.6283,1.8491
41.5719,0.0266,0.0049,0.3034,0.2263,0.503,0.4599,1.4387,0.8284,0.6483,0.6962,0.0826,5.8688,0.9307,1.9485,3.4052,2.6686
41.6719,0.0268,0.0051,0.3213,0.2299,0.2453,0.4045,1.5945,0.4489,0.1691,0.19,0.0871,4.3294,0.5637,1.9773,1.4599,2.0448
41.7718,0.027,0.0052,0.3327,0.226,0.8733,0.1763,1.4891,0.2238,0.1728,0.6613,0.0911,0.9517,0.3484,2.0094,2.8253,0.7227
41.8717,0.027,0.0053,0.3288,0.2266,0.6933,0.8732,1.0616,0.872,0.1662,0.8925,0.0946,2.7336,0.8075,2.1233,4.6367,0.2761
41.9717,0.0269,0.0053,0.3024,0.2222,0.236,1.0302,0.9905,1.3378,0.9894,0.011,0.0975,1.9856,1.1567,2.216,5.7916,1.329
42.0716,0.0268,0.0051,0.2719,0.213,0.3444,1.1636,1.3564,1.4251,1.1634,0.895,0.0999,3.8834,1.1543,1.9467,5.8086,1.5144
42.1715,0.0265,0.0048,0.2802,0.2204,0.5967,1.1421,1.557,1.4207,0.5083,0.503,0.1016,5.8692,0.8143,1.7565,3.6544,1.1672
42.2715,0.0262,0.0044,0.3185,0.2329,0.471,0.8422,1.4541,1.0946,0.2855,0.3387,0.1028,4.9609,0.3605,1.78,1.2796,2.0518
42.3714,0.0258,0.004,0.3464,0.2345,0.4226,0.6858,1.6364,1.0565,0.0467,0.7155,0.1034,0.2924,0.5221,1.7641,1.6733,1.4348
42.4713,0.0255,0.0036,0.3486,0.2346,0.7535,0.1257,1.9493,0.3457,0.3872,0.7448,0.1035,2.3253,0.9319,1.9465,2.8132,0.8673
42.5713,0.0253,0.0032,0.3265,0.231,0.4621,0.5167,2.0053,0.5371,0.9552,0.17,0.103,1.3663,1.1431,1.9441,4.2556,1.3076
42.6712,0.0252,0.003,0.3018,0.2247,0.2213,0.4884,2.0733,1.3419,1.126,0.7325,0.102,3.6854,1.0852,1.633,5.1611,1.1327
42.7711,0.0252,0.0032,0.3052,0.2332,0.2022,1.0745,2.1076,1.4398,0.4001,0.5505,0.1005,5.877,0.7664,1.6349,4.4838,1.2545
42.8711,0.0253,0.0035,0.327,0.2425,0.703,1.1503,1.7996,0.8572,0.444,0.3069,0.0987,5.3842,0.3254,1.7266,3.3758,2.7958
42.971,0.0256,0.0041,0.3397,0.2356,0.8127,1.4278,1.684,0.8292,0.1995,0.6885,0.0964,0.563,0.5503,1.7753,3.0761,3.7342
43.0709,0.0259,0.0047,0.3337,0.2264,0.0912,0.8468,1.9296,1.2293,0.5359,0.7702,0.0938,2.0894,1.0386,2.0553,3.1285,2.7948
43.1709,0.0262,0.0053,0.3026,0.2182,0.7649,0.377,1.7469,0.9721,0.975,0.1956,0.091,0.8324,1.2668,1.992,4.7383,2.2908
43.2708,0.0265,0.0058,0.2615,0.2072,0.825,0.1192,1.1765,0.6846,1.0452,0.7073,0.0879,3.2599,1.118,1.7155,5.8009,1.8532
43.3707,0.0266,0.0063,0.2628,0.2116,0.5416,0.3059,1.1341,0.4406,0.3792,0.4842,0.0846,5.9448,0.6369,1.9077,4.8066,0.4313
43.4707,0.0267,0.0065,0.31,0.2245,0.5932,0.2503,1.5864,0.6929,0.6473,0.3633,0.0812,5.5819,0.2227,1.9898,3.5546,1.1141
43.5706,0.0266,0.0066,0.3544,0.2279,1.1131,0.2241,1.5315,0.6294,0.4385,0.7389,0.0777,1.3165,0.7569,2.0414,2.7363,1.1718
43.6705,0.0263,0.0065,0.3721,0.2303,0.4472,0.7354,1.1746,0.7752,0.6159,0.7283,0.0742,1.8346,1.1626,2.23,1.4324,0.8314
43.7705,0.0259,0.0062,0.3525,0.2289,0.398,0.7349,1.4073,1.3949,1.052,0.2882,0.0708,0.4609,1.2367,1.9823,2.5837,0.7149
43.8704,0.0254,0.0058,0.2993,0.2139,0.5557,0.8407,2.0249,1.7457,1.0524,0.615,0.0674,2.9716,0.9852,1.8297,3.902,0.7858
43.9703,0.0248,0.0052,0.2537,0.2056,0.8092,0.909,2.0372,1.5225,0.463,0.4826,0.0642,5.7717,0.5181,2.0926,4.5471,0.7391
44.0703,0.0243,0.0045,0.259,0.2099,0.2049,0.9084,1.6317,0.9463,0.7404,0.3997,0.0612,5.848,0.2928,2.044,4.9077,0.5465
44.1702,0.0239,0.0037,0.2963,0.2108,0.6668,1.0643,1.8497,0.8345,0.5013,0.741,0.0585,1.8235,0.8031,2.0095,4.4816,1.1915
44.2701,0.0237,0.0029,0.3303,0.2176,0.7798,0.5433,2.2694,0.7317,0.7263,0.702,0.0562,1.5193,1.2137,2.0235,2.3478,2.132
44.3701,0.0237,0.0025,0.3339,0.2271,0.2392,0.9531,2.0182,0.1674,1.1451,0.3636,0.0543,0.4455,1.2915,1.7483,2.7144,1.8993
44.47,0.024,0.0024,0.2914,0.2186,0.0672,1.0547,1.6184,0.6431,0.9221,0.5507,0.0528,2.8746,0.9719,1.766,4.3008,2.1638
44.5699,0.0244,0.0029,0.23,0.2032,0.5188,1.5387,1.6221,0.4632,0.5463,0.4615,0.0519,5.3298,0.3703,1.9611,4.5101,2.7988
44.6699,0.025,0.0037,0.2248,0.201,0.7123,1.7494,1.7473,0.4501,0.8206,0.4784,0.0514,6.1408,0.4083,1.8031,4.6298,2.837
44.7698,0.0256,0.0045,0.293,0.2113,0.4135,2.2393,1.514,0.6284,0.6379,0.7925,0.0514,2.3077,0.9813,1.6811,3.6156,0.6574
44.8697,0.0262,0.0052,0.3639,0.2328,0.4068,1.7476,1.3413,1.4239,0.8468,0.582,0.0518,1.3051,1.2884,1.7137,1.3491,0.4919
44.9697,0.0267,0.0058,0.3836,0.2468,0.5309,1.3217,1.4444,1.5559,1.2099,0.5636,0.0526,0.9881,1.2285,1.6071,0.9646,0.5272
45.0696,0.027,0.0062,0.3369,0.2327,0.7041,1.1937,1.646,1.4352,0.8911,0.3347,0.0537,2.6541,0.8143,1.6638,2.318,0.7575
45.1695,0.0271,0.0065,0.2609,0.2112,0.2329,1.0328,1.6481,0.9848,0.7153,0.6308,0.055,4.9409,0.2336,1.8583,3.2112,0.7973
45.2695,0.0269,0.0065,0.2359,0.2101,0.6902,1.003,1.7521,0.9741,0.8471,0.5178,0.0564,6.1523,0.5429,1.7192,4.4907,0.9244
45.3694,0.0265,0.0063,0.282,0.2167,0.8704,1.5035,1.8294,0.5109,0.68,0.6209,0.058,2.9317,1.0278,1.5906,4.4268,0.7607
45.4693,0.0259,0.0058,0.3319,0.2204,0.1617,1.9412,1.83,0.3332,1.0194,0.6176,0.0595,1.3464,1.2615,1.8532,3.0266,1.0558
45.5692,0.0252,0.0052,0.338,0.2173,0.3018,1.4972,1.8447,1.066,1.2713,0.6497,0.061,1.4649,1.1744,1.9071,2.5906,1.4776
45.6692,0.0245,0.0044,0.2923,0.2017,0.4776,1.4468,2.0269,1.3197,0.7922,0.2731,0.0623,2.4978,0.7518,1.8959,2.9153,1.9129
45.7691,0.0238,0.0034,0.2376,0.1956,0.8401,1.0516,1.8359,0.7624,0.7962,0.6112,0.0635,4.6317,0.1455,2.1271,3.2467,0.9944
45.869,0.0233,0.0023,0.2419,0.2101,0.2013,0.7342,1.5213,0.2828,0.8471,0.4651,0.0644,5.9214,0.6504,1.9564,4.0269,1.0906
45.969,0.023,0.0012,0.2977,0.2197,0.7473,0.2207,1.6462,0.832,0.7722,0.5602,0.0649,3.4306,1.1534,1.8685,3.1712,1.1163
46.0689,0.0231,0.0007,0.3578,0.2248,0.8412,0.7199,1.8737,1.2769,1.1967,0.6695,0.0652,1.5645,1.3097,2.3434,2.087,2.0352
46.1688,0.0235,0.0017,0.3912,0.2346,0.5728,0.4626,1.6011,0.9279,1.2829,0.7375,0.0651,1.8157,1.0832,2.2749,2.0725,2.0008
46.2688,0.024,0.0029,0.3766,0.2352,0.3071,0.4251,1.321,0.6742,0.7181,0.2307,0.0646,2.7852,0.5566,2.0788,1.9149,0.9474
46.3687,0.0248,0.004,0.3192,0.2273,0.8978,0.6557,1.6355,0.5263,0.8618,0.615,0.0637,4.0985,0.2122,2.2843,1.7968,0.4659
46.4686,0.0255,0.0049,0.2613,0.2236,0.9477,0.9122,2.0304,0.9447,0.8508,0.3951,0.0624,5.7505,0.7761,1.972,2.7958,0.6905
46.5686,0.0262,0.0058,0.265,0.2217,0.1722,1.3789,1.8027,0.6061,0.8764,0.4802,0.0608,3.6339,1.1477,2.0529,3.1763,1.0309
46.6685,0.0267,0.0064,0.3307,0.2281,0.917,1.0254,1.6127,1.201,1.3496,0.7777,0.0587,1.7239,1.2077,2.5204,3.4585,0.3872
46.7684,0.0269,0.0068,0.3877,0.2415,0.7314,0.658,1.9902,1.6599,1.2943,0.7458,0.0563,2.2797,0.963,2.0901,3.7708,1.1961
46.8684,0.0268,0.007,0.3857,0.2381,0.8461,0.7104,2.232,1.6017,0.6472,0.2271,0.0535,3.1821,0.4796,1.8126,2.9598,1.7148
46.9683,0.0265,0.007,0.3249,0.2212,0.3496,0.7797,1.8953,0.8667,0.8571,0.5813,0.0505,3.3859,0.2614,2.0305,2.1762,1.3908
47.0682,0.0259,0.0067,0.2514,0.2137,1.0851,0.7718,1.6865,0.6063,0.8058,0.3804,0.0473,5.6051,0.8273,1.6644,2.3372,1.572
47.1682,0.0252,0.0061,0.2378,0.2115,0.5809,1.3563,1.8718,0.6285,1.0456,0.3934,0.044,3.7573,1.1988,1.9428,1.849,2.1416
47.2681,0.0243,0.0054,0.3047,0.2154,0.4212,1.9878,1.8406,0.4738,1.5314,0.9074,0.0406,1.7226,1.2056,2.2479,2.0677,2.0524
47.368,0.0235,0.0044,0.3822,0.2324,0.3409,1.7713,1.5024,0.3991,1.1491,0.7592,0.0374,2.8086,0.8513,1.5841,2.5787,0.8775
47.468,0.0227,0.0033,0.4085,0.2397,0.6482,1.7044,1.4203,0.5262,0.5138,0.3293,0.0344,3.4482,0.298,1.4334,2.0634,1.0708
47.5679,0.0223,0.0021,0.3653,0.2282,0.503,1.5579,1.5677,0.4194,0.8659,0.4457,0.0318,2.8722,0.4355,1.7605,1.5829,1.9402
47.6678,0.0221,0.0008,0.2753,0.2137,0.2867,1.41,1.6404,0.6475,0.9347,0.229,0.03,5.2082,0.9131,1.4927,2.0349,1.7074
47.7678,0.0223,0.0005,0.2089,0.2013,0.7665,0.7406,1.5371,1.1,1.244,0.4919,0.0291,3.9813,1.1405,1.8667,2.4664,1.5719
47.8677,0.0228,0.0019,0.2661,0.2034,0.4613,1.2668,1.7441,1.553,1.5043,0.9136,0.0292,1.71,1.0535,2.0828,2.8993,1.0972
47.9676,0.0235,0.0032,0.3772,0.23,0.497,1.5106,2.0155,1.4701,1.0601,0.7212,0.0303,3.1261,0.7006,1.375,3.6391,0.4437
48.0676,0.0243,0.0043,0.4404,0.2496,0.1415,1.5118,2.0613,1.1549,0.5237,0.2331,0.0322,3.853,0.2803,1.456,2.8393,0.1374
48.1675,0.0251,0.0054,0.424,0.2451,0.9327,1.4749,2.1582,0.7709,0.9536,0.401,0.0348,2.5439,0.4909,1.8867,2.055,1.3133
48.2674,0.0257,0.0062,0.3429,0.2305,0.7226,1.6733,2.3728,0.7569,0.9765,0.2603,0.0377,4.6025,0.8952,1.6998,1.8862,1.6968
48.3674,0.0261,0.0069,0.2405,0.2112,0.4256,1.5374,2.2481,0.107,1.3366,0.4396,0.0408,4.1069,1.0982,2.0039,1.3213,1.3753
48.4673,0.0263,0.0073,0.2039,0.1955,0.9053,0.7655,2.0021,0.6625,1.4687,0.9675,0.0439,1.8143,0.9972,1.9904,1.2271,1.0662
48.5672,0.0261,0.0074,0.269,0.2025,0.7167,0.7591,2.0557,1.1727,0.9917,0.74,0.0468,3.235,0.6076,1.2872,1.6036,2.2958
48.6672,0.0257,0.0073,0.3293,0.2123,0.7079,0.8559,1.9995,0.9913,0.5402,0.2336,0.0494,4.431,0.2298,1.6904,1.3077,3.0532
48.7671,0.025,0.0069,0.3286,0.2058,0.5671,0.8544,1.5084,0.397,1.0344,0.3276,0.0517,2.1663,0.6141,2.021,1.7302,1.7967
48.867,0.0242,0.0063,0.2705,0.1972,1.1004,0.8826,1.2042,0.5226,0.9845,0.2182,0.0535,4.0631,0.9482,1.7261,2.8241,1.5218
48.967,0.0233,0.0054,0.1936,0.191,0.3428,1.4865,1.3662,1.2452,1.3442,0.4385,0.0547,3.9734,1.0098,1.785,2.5912,1.8256
49.0669,0.0225,0.0044,0.194,0.1901,0.6166,1.5407,1.4427,1.2589,1.421,1.0065,0.0555,1.859,0.8092,1.5479,1.5671,1.4949
49.1668,0.0219,0.0033,0.2902,0.2108,0.3812,1.1924,1.3511,0.8318,0.9756,0.7364,0.0557,3.3763,0.4727,1.097,1.8116,2.0601
49.2668,0.0216,0.0021,0.3721,0.2321,0.7939,0.9849,1.4755,0.3907,0.5559,0.2154,0.0554,4.8673,0.3624,1.6538,1.6906,1.1728
49.3667,0.0218,0.0014,0.3845,0.2309,0.3766,0.9949,1.9994,0.8766,1.0239,0.2595,0.0546,2.042,0.6282,1.7411,2.1974,0.1607
49.4666,0.0223,0.0018,0.3243,0.2181,0.5702,0.7964,2.286,0.8133,0.9246,0.1873,0.0533,3.5826,0.8566,1.2269,2.6569,0.8086
49.5666,0.0232,0.0029,0.2254,0.2039,0.931,0.5061,2.1934,0.9862,1.352,0.4315,0.0517,3.7448,0.9087,1.1577,1.5331,1.7601
49.6665,0.0242,0.0041,0.1896,0.1953,0.3066,1.1327,2.3683,1.4325,1.3926,1.0545,0.0499,1.6925,0.7419,1.0132,0.2254,1.786
49.7664,0.0252,0.0052,0.2815,0.21,0.5882,1.3537,2.6435,1.5136,0.8985,0.7143,0.048,3.549,0.4342,0.8194,0.3661,1.7531
49.8663,0.0262,0.0061,0.377,0.2297,0.4824,1.2537,2.4897,0.9797,0.545,0.226,0.0461,5.1223,0.3941,1.3149,0.4766,2.271
49.9663,0.0268,0.0068,0.4079,0.2285,1.0733,1.1382,2.2244,0.2813,0.9891,0.1634,0.0445,2.3752,0.678,1.2751,1.1663,1.449
50.0662,0.0272,0.0073,0.3642,0.2144,0.3485,1.3503,2.2476,0.4446,0.8733,0.1018,0.0433,2.9546,0.8474,0.6445,2.7424,1.4789
50.1661,0.0271,0.0075,0.261,0.1961,0.9109,1.1506,2.048,0.7691,1.3396,0.5001,0.0426,3.5861,0.8044,0.7562,2.3019,1.4576
50.2661,0.0268,0.0075,0.1608,0.1787,0.8177,0.5608,1.5212,0.3303,1.3345,1.0197,0.0425,1.4295,0.5889,0.8513,1.4838,0.4802
50.366,0.0261,0.0072,0.2194,0.1893,0.7944,0.5663,1.2637,0.3052,0.8086,0.6919,0.043,3.5405,0.4067,0.6729,1.3062,0.5422
50.4659,0.0251,0.0067,0.343,0.2183,0.3734,0.8978,1.2432,0.5667,0.5478,0.1145,0.0441,5.402,0.5247,1.1679,0.3223,1.2005
50.5659,0.024,0.006,0.4128,0.2319,0.8891,0.9186,1.2118,0.8488,0.9417,0.122,0.0456,2.7762,0.6805,1.1516,1.5728,1.7368
50.6658,0.0229,0.0051,0.4037,0.2295,0.9121,1.0613,1.1877,0.934,0.8107,0.164,0.0473,2.2245,0.7058,0.4831,2.1462,1.0629
50.7657,0.022,0.004,0.3219,0.215,0.1452,1.5984,1.4525,1.5013,1.2728,0.4168,0.0492,3.3825,0.6501,1.0023,0.9483,1.9152
50.8657,0.0214,0.0029,0.2037,0.1895,0.6801,1.6082,2.0283,1.5328,1.287,1.0832,0.0509,1.2179,0.5696,1.1348,0.797,2.5909
50.9656,0.0212,0.002,0.1791,0.1833,0.4112,1.2636,2.2759,1.2088,0.735,0.6624,0.0525,3.3652,0.4846,0.8741,1.7006,1.5079
51.0655,0.0215,0.0018,0.2862,0.2053,0.6765,1.003,2.3015,0.6034,0.5787,0.1662,0.0536,5.6774,0.5053,1.371,1.4456,1.2516
51.1655,0.0222,0.0026,0.3729,0.2216,0.0893,1.1573,2.6325,0.6769,0.8134,0.0662,0.0543,3.1826,0.6315,1.1356,0.1391,1.7586
51.2654,0.0232,0.0037,0.3857,0.2221,0.7855,0.9443,2.8857,0.2237,0.7,0.0575,0.0545,1.5864,0.6821,0.7749,1.1562,2.005
51.3653,0.0243,0.0048,0.317,0.207,0.7448,1.0017,2.6899,0.5126,1.241,0.4983,0.0541,3.0338,0.5868,1.5332,1.0456,0.6587
51.4653,0.0253,0.0058,0.1899,0.1773,0.2058,1.5995,2.5146,0.7928,1.2477,0.951,0.0531,0.9712,0.4654,1.3192,1.9859,1.1838
51.5652,0.0261,0.0066,0.1318,0.1674,0.3857,1.9038,2.4752,0.7301,0.5896,0.7494,0.0516,3.1996,0.5219,1.0599,2.5528,1.6642
51.6651,0.0266,0.0073,0.2503,0.1921,0.6455,1.6045,2.1412,0.712,0.5933,0.0127,0.0496,5.7719,0.6302,1.4994,1.1754,1.8746
51.7651,0.0268,0.0077,0.358,0.2148,0.8918,1.4603,1.6459,0.797,0.6678,0.0758,0.0471,3.7115,0.6014,1.0412,0.6806,1.951
51.865,0.0265,0.0078,0.3982,0.2262,0.0586,1.4377,1.4284,1.1477,0.5966,0.2058,0.0444,1.0017,0.4802,1.1871,0.9081,1.6418
51.9649,0.0259,0.0077,0.3609,0.2255,1.0127,0.8821,1.1632,1.3938,1.2216,0.3795,0.0416,2.6657,0.4865,1.6604,0.3711,0.6476
52.0649,0.025,0.0073,0.2574,0.2058,0.5953,0.5273,0.9769,0.944,1.2281,1.0803,0.0389,0.6057,0.5835,1.0728,0.8778,1.3486
52.1648,0.0239,0.0067,0.162,0.1895,0.6747,0.9411,1.0608,0.4573,0.4081,0.642,0.0366,3.0049,0.5918,1.0208,1.6901,2.2675
52.2647,0.0226,0.0059,0.2212,0.2,0.2072,1.1462,1.4198,0.656,0.5855,0.0961,0.0349,5.7403,0.5377,1.3501,1.6326,2.5197
52.3647,0.0215,0.005,0.3318,0.2153,0.9429,1.0011,1.9121,1.0009,0.4292,0.0997,0.0343,4.2051,0.5062,0.8879,0.8469,2.0044
52.4646,0.0206,0.004,0.3894,0.2219,0.7164,1.2394,2.2042,0.8306,0.6034,0.1305,0.0347,0.3523,0.4731,1.1203,0.8603,1.7001
52.5645,0.0202,0.0032,0.3654,0.2168,0.3307,1.3066,2.4513,1.2168,1.3006,0.3864,0.0362,2.3831,0.4515,1.3288,0.9541,1.3005
52.6645,0.0204,0.0028,0.2611,0.192,0.6559,1.0243,2.8577,1.3385,0.9932,0.9839,0.0385,0.2693,0.5337,0.7159,1.8445,0.5791
52.7644,0.021,0.0032,0.1351,0.1706,0.5648,0.4774,2.8887,1.0286,0.1606,0.7686,0.0414,2.6498,0.639,0.8207,2.2336,0.9934
52.8643,0.0221,0.004,0.1843,0.1841,0.6464,0.2682,2.666,0.3551,0.5394,0.0524,0.0446,5.7182,0.6158,1.1886,1.1662,0.8312
52.9643,0.0234,0.005,0.3146,0.2078,0.2746,0.4608,2.7491,0.2246,0.3834,0.1391,0.0478,4.5447,0.4277,0.8837,0.3236,0.3455
53.0642,0.0247,0.006,0.3926,0.2217,1.0414,0.3177,2.8272,0.7614,0.6376,0.2826,0.0507,0.3789,0.2986,0.973,0.3711,1.3311
53.1641,0.0259,0.0068,0.389,0.2218,0.566,0.6536,2.3105,0.7208,1.2216,0.3462,0.0533,2.0933,0.5056,1.1908,0.4599,1.9239
53.2641,0.0268,0.0075,0.3004,0.1995,0.414,1.2017,1.752,0.1804,0.8159,1.0823,0.0554,0.344,0.6692,0.7448,0.6582,0.3434
53.364,0.0273,0.008,0.1611,0.1739,0.3486,1.6103,1.6191,0.3805,0.1872,0.6334,0.0569,2.245,0.645,0.914,0.6076,0.7399
53.4639,0.0275,0.0082,0.1428,0.1793,0.8612,1.2645,1.4223,1.0048,0.5497,0.0583,0.0578,5.6138,0.4911,1.3677,0.9957,0.5161
53.5639,0.0272,0.0081,0.2834,0.2015,0.5771,1.1759,0.9425,1.0895,0.3077,0.1958,0.058,4.8644,0.3278,1.1245,1.2019,1.2902
53.6638,0.0265,0.0078,0.3942,0.2219,0.5326,1.0951,0.7671,1.3359,0.7195,0.257,0.0574,0.8734,0.3215,1.0206,1.7803,1.1382
53.7637,0.0255,0.0073,0.426,0.234,0.9884,0.6943,1.3438,1.4472,1.1404,0.3477,0.0562,1.7368,0.5054,1.1395,1.3299,2.0384
53.8637,0.0244,0.0065,0.366,0.2223,0.3879,0.4105,1.9569,1.2798,0.5538,1.0412,0.0542,0.7332,0.6621,0.8073,1.1231,2.1448
53.9636,0.0231,0.0055,0.2383,0.1961,0.3661,0.9415,2.0044,0.7296,0.2941,0.6378,0.0517,1.9421,0.6554,1.1,1.2056,1.9213
54.0635,0.022,0.0044,0.1379,0.1859,0.4657,1.2579,2.1526,0.3986,0.5658,0.0543,0.0485,5.318,0.4715,1.3992,0.7522,1.2182
54.1634,0.0212,0.0033,0.217,0.19,0.8202,1.2289,2.6925,0.2074,0.3646,0.2397,0.0449,5.2071,0.2269,0.9655,0.4895,0.6266
54.2634,0.0208,0.0024,0.3376,0.2012,0.4309,1.5177,2.9737,0.2887,0.7838,0.3384,0.0408,1.3033,0.3119,0.749,0.4717,1.2199
54.3633,0.0211,0.0022,0.403,0.22,0.4499,1.4117,2.8544,0.3774,0.9667,0.3297,0.0365,1.4259,0.567,0.9017,0.294,1.1912
54.4632,0.0218,0.0028,0.3807,0.2231,0.4397,1.1132,2.805,0.774,0.3892,1.0773,0.032,1.2181,0.71,0.6944,0.6471,0.8482
54.5632,0.0228,0.0039,0.2779,0.2049,0.554,0.317,2.6506,0.8897,0.4294,0.5572,0.0276,1.6237,0.6525,0.9906,0.969,1.2584
54.6631,0.0241,0.0051,0.1701,0.1915,0.4423,0.4674,2.3464,0.9445,0.6674,0.103,0.0235,4.9592,0.3874,1.0511,1.3592,0.163
54.763,0.0253,0.0062,0.2211,0.1928,0.4714,0.391,2.1606,1.0351,0.4195,0.3627,0.0201,5.4054,0.1153,0.4434,1.4518,1.0785
54.863,0.0263,0.0071,0.3527,0.2073,1.009,0.453,1.9294,1.4752,0.8143,0.3673,0.018,1.8013,0.4197,0.5199,1.6238,0.7785
54.9629,0.0269,0.0078,0.4404,0.2319,0.3449,0.793,1.2743,1.1969,0.8652,0.41,0.0178,1.259,0.6336,0.7278,0.8072,0.7547
55.0628,0.0272,0.0083,0.4388,0.2388,0.3621,1.2402,0.95,0.6745,0.1968,1.0186,0.0194,1.6275,0.6555,0.5037,0.5243,1.6694
55.1628,0.0271,0.0086,0.3438,0.2168,0.4508,1.4245,1.1365,0.4912,0.5803,0.4718,0.0224,1.2946,0.5316,0.7496,0.789,2.4656
55.2627,0.0265,0.0086,0.2026,0.1943,0.837,0.9357,1.318,1.0665,0.7117,0.2044,0.0261,4.647,0.3156,0.7889,0.6886,1.5108
55.3626,0.0256,0.0083,0.1748,0.192,0.3002,0.849,1.4559,0.8124,0.5535,0.4281,0.0302,5.4402,0.124,0.2438,0.6123,0.6836
55.4626,0.0244,0.0079,0.3084,0.2063,0.734,0.4838,1.7876,0.9606,0.8984,0.3452,0.0344,2.257,0.3973,0.5543,0.1255,0.4823
55.5625,0.023,0.0072,0.4222,0.2299,0.8096,0.2538,2.3501,1.1634,0.6931,0.4685,0.0386,1.159,0.6558,0.8675,0.9911,0.3317
55.6624,0.0218,0.0064,0.45,0.2377,0.3343,0.2169,2.6712,1.0745,0.0459,0.9074,0.0426,1.9347,0.7068,0.6683,1.0449,1.0306
55.7624,0.0208,0.0056,0.3797,0.2182,0.0676,0.8085,2.4726,0.6901,0.6852,0.4594,0.0463,1.3108,0.5169,0.9177,1.4729,1.8009
55.8623,0.0203,0.0048,0.243,0.1948,0.6288,0.9484,2.5069,0.5045,0.84,0.3256,0.0498,4.24,0.1737,1.0391,1.5373,0.9374
55.9622,0.0204,0.0042,0.1474,0.1862,0.6785,1.0336,2.9368,0.8607,0.7246,0.4386,0.0531,5.4918,0.2148,0.5561,1.6766,0.2773
56.0622,0.0211,0.004,0.2505,0.1945,0.4164,1.2643,2.9155,1.1121,0.9006,0.2627,0.056,2.5377,0.4982,1.0649,1.2902,1.2032
56.1621,0.0222,0.0043,0.3845,0.2199,0.4077,1.0147,2.3173,0.4372,0.5918,0.4569,0.0586,1.0242,0.6378,1.4045,0.6961,1.6761
56.262,0.0236,0.0048,0.4467,0.237,0.3722,0.7267,2.0377,0.4457,0.1129,0.7922,0.0609,2.2975,0.5999,1.1432,0.7472,1.5976
56.362,0.025,0.0055,0.4124,0.2274,0.6247,0.1807,2.1172,1.1579,0.8275,0.532,0.0629,1.5669,0.3929,1.3608,0.8983,1.9952
56.4619,0.0263,0.0062,0.3,0.2073,0.2807,0.4128,1.8638,1.4187,0.9028,0.3457,0.0645,3.6568,0.105,1.3416,0.7232,3.0506
56.5618,0.0273,0.0068,0.1698,0.191,0.6732,0.2471,1.3259,1.3293,0.9042,0.4329,0.0658,5.5579,0.2565,1.0175,0.5901,2.1773
56.6618,0.0278,0.0072,0.1833,0.1831,0.9264,0.3892,1.0709,1.5528,0.9557,0.2535,0.0668,2.7613,0.4828,1.5392,0.7168,1.1013
56.7617,0.028,0.0074,0.3109,0.1982,0.132,0.4694,1.4257,1.2633,0.4041,0.4878,0.0673,0.8725,0.5916,1.6303,1.4327,1.0804
56.8616,0.0277,0.0074,0.3957,0.2179,0.2959,0.9318,1.6329,0.8231,0.1358,0.6581,0.0674,2.718,0.5537,1.2822,1.2774,1.4569
56.9616,0.0269,0.0073,0.3929,0.2149,0.6562,1.0751,1.5124,0.1745,1.0009,0.6681,0.0671,1.811,0.3497,1.4067,1.1311,2.4122
57.0615,0.0258,0.0069,0.3061,0.198,0.6787,0.6225,1.7549,0.3663,1.1109,0.4061,0.0664,3.0826,0.0301,1.2826,0.6974,3.4833
57.1614,0.0245,0.0064,0.1773,0.1819,0.22,0.5207,2.2877,0.1929,1.0285,0.271,0.0651,5.4443,0.3304,1.067,1.1343,2.0106
57.2614,0.023,0.0059,0.1656,0.176,0.8086,0.2159,2.5058,0.2635,0.8263,0.425,0.0634,3.0777,0.5521,1.4045,1.756,1.0085
57.3613,0.0217,0.0054,0.3078,0.1989,0.5347,0.1255,2.5455,0.5573,0.4635,0.3133,0.0612,0.8188,0.5766,1.3805,1.6473,1.2907
57.4612,0.0206,0.005,0.4189,0.228,0.1922,0.1166,2.5422,0.9079,0.3899,0.7904,0.0584,2.9973,0.4249,1.0748,1.3131,1.782
57.5612,0.0201,0.0049,0.4389,0.2298,0.337,0.6362,2.4528,1.2368,1.1876,0.6073,0.0551,2.2345,0.186,1.136,0.4401,1.5916
57.6611,0.0201,0.0051,0.363,0.2115,0.6501,0.9575,2.4463,1.2515,1.0779,0.2891,0.0513,2.6202,0.1444,1.1237,0.6042,2.4522
57.761,0.0208,0.0056,0.2195,0.1916,0.4649,1.2076,2.5471,1.5261,1.0767,0.3335,0.047,5.1708,0.3423,0.9968,0.2113,1.5257
57.861,0.0218,0.0062,0.115,0.1779,0.5477,1.3912,2.203,1.4803,0.878,0.4651,0.0422,3.3509,0.4634,1.227,0.9858,1.1022
57.9609,0.0231,0.0068,0.2401,0.1887,0.2379,1.0834,1.5893,0.8302,0.3743,0.3286,0.037,0.8836,0.469,1.3599,1.2101,1.3429
58.0608,0.0244,0.0074,0.3731,0.2135,0.2896,0.8019,1.5908,0.3709,0.5103,0.7501,0.0314,3.1094,0.362,1.2239,1.2715,0.7044
58.1608,0.0255,0.0078,0.4231,0.2197,0.6476,0.3862,1.8583,1.0127,1.3283,0.6508,0.0253,2.8168,0.1758,1.2507,1.4853,0.7223
58.2607,0.0263,0.0081,0.378,0.2099,0.3058,0.6064,1.5629,1.0369,1.1434,0.2607,0.019,2.0659,0.1474,1.3579,1.065,1.281
58.3606,0.0267,0.0081,0.257,0.1976,0.637,0.5894,1.1715,0.7758,1.077,0.2977,0.0124,4.9666,0.3585,1.3019,1.3128,1.9397
58.4605,0.0267,0.0079,0.1267,0.183,0.7377,0.7964,1.503,1.0815,0.8662,0.6457,0.0057,3.4159,0.4819,1.3857,1.7496,2.1981
58.5605,0.0262,0.0075,0.2038,0.1849,0.1495,0.6053,2.0887,1.1609,0.4477,0.1878,0.0013,0.9226,0.4368,1.5236,1.6559,0.9551
58.6604,0.0253,0.0068,0.3547,0.2092,0.1645,0.935,1.9981,0.8622,0.7773,0.8438,0.0082,3.2662,0.2424,1.398,1.2695,1.4811
58.7603,0.0241,0.0059,0.4402,0.2244,0.6445,0.6052,1.6991,0.6678,1.3399,0.5135,0.0151,3.262,0.1268,1.3073,0.4745,1.2588
58.8603,0.0227,0.0049,0.4287,0.2196,0.6055,0.226,2.0746,0.6743,1.0164,0.1697,0.0219,1.3408,0.2846,1.3891,0.5012,0.815
58.9602,0.0213,0.0039,0.3205,0.2003,0.3021,0.1673,2.6088,1.1318,1.1409,0.4594,0.0285,4.8209,0.3541,1.2548,0.6092,1.061
59.0601,0.0201,0.0031,0.1462,0.1708,0.6436,0.7645,2.4257,0.6665,0.9745,0.6583,0.0349,3.3989,0.3351,1.1963,0.8768,1.6886
59.1601,0.0194,0.0028,0.1364,0.1633,0.4752,0.6327,2.0201,0.2336,0.3566,0.2587,0.0409,0.8475,0.2986,1.2981,0.433,1.1433
59.26,0.0192,0.0034,0.318,0.1938,0.2987,0.7843,2.1881,0.9073,0.8145,0.7464,0.0466,3.5109,0.255,1.0915,1.2149,0.7501
59.3599,0.0197,0.0045,0.4368,0.2188,0.4199,0.1723,2.483,1.4894,1.311,0.4189,0.0517,3.5661,0.2063,0.944,1.9703,1.3733
59.4599,0.0207,0.0057,0.456,0.2193,0.6387,0.6423,2.2544,1.2555,1.0705,0.2839,0.0563,0.7605,0.2288,1.0252,1.597,1.7125
59.5598,0.022,0.0069,0.3775,0.2036,0.4615,0.9661,1.9355,1.3182,1.2148,0.4977,0.0603,4.4918,0.3118,0.8197,1.8394,2.1314
59.6597,0.0234,0.008,0.2283,0.1816,0.417,1.2931,1.8175,1.2694,0.9264,0.5975,0.0637,3.5036,0.3481,0.7816,1.3584,2.4004
59.7597,0.0247,0.0089,0.124,0.1762,0.2252,0.9298,1.9172,1.0721,0.3556,0.3255,0.0663,0.7267,0.2796,0.913,0.8668,0.7452
59.8596,0.0257,0.0096,0.2463,0.1876,0.4253,0.91,1.8121,0.4855,0.9233,0.6361,0.0682,3.6142,0.1857,0.6979,0.7969,0.717
59.9595,0.0264,0.01,0.371,0.184,0.5959,0.2844,1.6637,0.2373,1.2752,0.4654,0.0694,3.9841,0.2687,0.6257,0.9345,0.5069
