Frequency (Hz),Red_X,Red_Y,Blue_X,Blue_Y,Green_X,Orange_X,Yellow_X,Yellow_Y,Pink_X,Purple_X,Purple_Y,Red2_X,Red2_Y,Blue2_X,Green2_X,Green2_Y,Orange2_X,Orange2_Y,Yellow2_X,Pink2_X,Pink2_Y
0.1999,44.9854,13.5947,9.9632,1.1256,16.3128,5.5643,21.8878,0.2589,45.3355,48.1876,68.6414,12.3496,50.2894,37.2338,44.4069,3.9886,74.622,52.1996,42.6396,22.8456,2.0007
0.2998,38.9935,8.3627,11.1169,5.0473,4.4579,24.9007,22.939,0.4392,29.6047,29.1465,45.8826,4.7416,41.9311,13.3459,18.4704,1.4579,46.022,36.2647,15.5958,30.7547,2.6177
0.3997,38.5259,7.6199,13.9035,6.2364,9.8211,18.5884,18.2091,0.5287,20.3138,16.4514,51.4734,4.0373,54.762,4.7645,8.4465,1.2004,44.4172,31.5753,7.6075,21.3381,3.1381
0.4997,34.3408,7.1203,16.4273,3.3677,7.7985,10.6262,18.5167,0.5136,20.9259,22.6197,42.5867,5.6275,52.068,11.2839,15.3843,1.8144,31.1787,13.4901,9.9578,5.1789,4.8121
0.5996,25.1196,9.2584,18.9626,4.3605,22.0308,25.5913,22.8332,0.4268,14.9648,13.6476,32.6771,6.5162,41.4955,7.613,12.9187,1.4875,12.8666,25.144,1.9404,14.8358,5.4729
0.6995,15.7819,10.6837,15.096,9.1421,27.0745,20.3751,21.4704,0.2269,18.2678,17.5585,27.1621,9.0046,24.1815,5.271,7.6358,0.522,8.6316,9.944,8.7643,10.4561,4.2077
0.7995,10.9775,10.8718,5.349,9.8289,14.7691,7.675,21.6882,0.5136,13.9262,13.2751,19.823,5.6538,8.4017,5.6749,5.8718,0.3353,10.13,9.5389,9.6887,5.6271,3.0135
0.8994,11.4524,10.2665,6.1525,6.1955,6.0822,4.7729,15.9783,0.4479,4.4856,7.5962,17.4923,1.5592,17.0017,9.6331,8.4337,0.3071,16.0321,2.7365,5.6813,3.6609,2.899
0.9993,13.3494,7.8063,10.5563,1.3827,16.9921,6.4139,22.1611,0.4989,6.9352,7.6168,12.5607,6.5578,11.4816,6.1259,7.594,0.1414,6.7869,16.6976,3.1574,3.48,3.363
1.0993,12.2802,4.8805,9.8288,1.8559,17.7293,8.7295,20.8877,0.2139,9.0145,6.1099,23.6808,6.1029,15.2496,3.0991,7.158,0.6686,10.5394,12.5091,1.2131,6.3652,4.9098
1.1992,9.5418,4.1674,7.2437,4.2516,9.1463,15.108,21.9561,0.3697,3.2002,6.2574,29.8815,2.0875,30.1283,3.8322,7.7417,0.8537,5.5165,6.6959,1.3607,9.2222,5.0159
1.2991,8.8261,5.1804,4.3019,7.0472,5.0121,15.3608,17.9927,0.4384,8.7277,7.814,15.5656,5.1429,26.585,1.8184,6.2768,0.4515,6.6662,1.9306,4.5109,6.6343,3.3396
1.3991,8.9098,7.5597,1.1791,8.2488,7.2381,6.8364,19.0706,0.4357,2.9438,2.775,5.2475,5.21,8.581,2.4314,4.5137,0.4063,5.8021,9.0227,5.732,3.5587,2.3595
1.499,8.5317,8.7554,1.3706,6.7088,3.2573,2.5427,22.0059,0.4117,1.8927,1.3028,11.0373,3.6005,11.7262,4.8406,5.1337,0.4553,1.8921,12.8366,2.9481,3.5353,2.4592
1.5989,8.1354,7.1799,1.5995,5.0116,0.6044,7.2873,19.8496,0.1115,5.5645,5.1165,4.9025,5.8702,13.2027,3.0531,5.9223,0.3578,7.2795,4.4771,0.7935,4.7139,3.4084
1.6989,6.902,4.0572,1.28,5.9704,1.4183,7.8573,20.6901,0.4147,5.6668,3.8973,19.5251,6.0981,2.0167,2.635,6.7358,0.4451,4.8432,2.259,2.0828,6.8222,4.8451
1.7988,5.133,1.9129,2.3675,6.529,4.5712,3.6415,16.4527,0.3321,6.8522,4.347,29.6348,2.5297,13.0624,2.8103,6.6673,0.6363,2.07,7.8504,4.0231,7.73,4.4976
1.8987,4.3781,1.42,3.8139,5.6003,5.4862,1.1894,21.9354,0.4833,5.2641,2.5598,25.378,1.8978,15.4495,1.8876,5.7474,0.4277,5.0687,7.7428,4.2255,5.0728,2.7682
1.9987,3.6757,2.2254,3.5334,4.9409,4.3389,1.4508,19.1755,0.2265,3.9099,5.6756,11.0472,3.2828,8.6558,2.9009,4.547,0.3397,6.7853,2.2395,4.7755,3.0892,2.2356
2.0986,2.7478,3.3307,1.3533,5.0565,2.5821,2.4146,20.3716,0.2741,1.2917,3.348,4.8096,3.7393,9.1472,5.1386,3.5742,0.4947,4.626,5.2644,3.0428,3.6495,2.5108
2.1985,3.2912,3.7638,3.706,4.4958,1.7186,4.1801,17.5094,0.3255,5.3589,3.3806,11.2278,4.4832,10.0875,6.6636,4.6134,0.6029,3.5742,5.7657,4.018,5.3073,3.7167
2.2984,5.5256,2.5242,5.0145,2.7846,5.1736,4.6335,19.2205,0.3909,3.8168,2.6282,19.9557,4.0927,3.952,7.816,6.0669,0.4279,0.4645,6.5159,5.5688,6.8161,4.817
2.3984,7.3695,1.0596,2.8862,0.527,6.9826,4.3859,20.7275,0.4451,3.9355,2.7407,24.1321,1.7805,4.5289,7.2076,6.2592,0.3238,7.2695,3.0181,6.5984,6.5362,3.9596
2.4983,7.3133,4.2325,1.5075,3.1222,4.7554,2.2463,17.9281,0.0203,0.7299,1.9115,20.8894,1.0129,6.3918,6.1718,5.5266,0.277,5.6481,6.1317,4.3104,3.808,2.2814
2.5982,5.9086,5.7964,3.0653,5.6049,3.2559,1.2682,19.4976,0.3375,1.7692,2.7506,15.4728,1.6102,2.8959,4.919,4.0466,0.2954,0.4804,7.2372,3.0814,2.7194,2.3205
2.6982,4.2662,4.5582,1.7459,6.0564,4.4324,1.5112,16.3312,0.2408,3.0469,4.4843,13.4365,1.801,3.6714,3.8607,2.504,0.4142,2.1192,3.8748,1.3245,3.7086,2.8683
2.7981,2.043,1.8089,2.0891,3.7589,3.4008,1.93,21.0335,0.4929,6.0449,5.1932,15.2272,3.4363,6.4353,4.9935,3.4434,0.5781,3.6735,2.2042,6.7461,5.574,4.105
2.898,2.4357,0.7827,3.713,0.6071,1.0448,3.4705,17.2018,0.2692,4.4326,3.0857,15.7775,4.3614,6.1292,6.4189,5.1211,0.4253,6.0732,4.2471,9.0154,6.5155,4.7119
2.998,5.4428,2.0593,3.4162,4.7582,0.9287,2.8625,18.8504,0.2335,5.642,4.8644,13.2649,3.4873,4.2897,5.9482,5.7748,0.1462,1.8873,9.0687,8.3795,5.4077,3.4851
3.0979,6.6945,3.6762,2.755,6.5601,0.6457,0.8444,16.7221,0.2574,1.7047,1.9228,9.2768,1.8625,1.6896,4.5523,5.0141,0.0824,5.5023,5.1838,4.6492,2.7425,2.1541
3.1978,6.1947,5.147,2.03,5.0586,1.3237,0.2818,18.4711,0.3602,1.7212,1.4449,7.6558,1.4981,1.323,2.5157,3.2425,0.1982,3.5856,1.5259,1.422,2.4767,2.5115
3.2978,5.2073,5.7435,1.061,1.4762,1.2728,0.9303,18.9132,0.4647,5.1646,5.1617,9.3235,1.9388,3.0907,2.3688,1.7083,0.3942,4.308,2.2759,3.6334,3.7498,3.2001
3.3977,4.6207,5.1901,1.3526,2.7372,1.6865,2.0593,16.1078,0.071,5.1319,4.1162,11.5217,3.7395,4.5147,3.8121,2.4325,0.6132,3.3676,5.3179,5.7767,5.6113,4.4499
3.4976,4.1729,3.5237,0.6643,4.2349,3.1758,2.121,18.2998,0.3209,2.5337,3.748,11.3246,4.6151,5.4997,4.199,4.1058,0.4973,3.4969,6.5822,6.401,5.9948,4.6527
3.5976,2.9409,1.3785,2.3438,3.6376,2.0574,1.5576,15.4595,0.1669,1.9506,4.3856,8.5522,3.2383,5.5061,3.938,4.8542,0.1884,6.7154,4.8117,4.4223,4.3347,3.1556
3.6975,0.8154,0.6801,3.5614,2.3306,1.6585,2.5105,19.3949,0.4848,0.9474,4.505,6.4222,1.2639,3.7133,2.8387,4.0399,0.1852,1.9619,5.7588,2.3283,1.9109,2.1748
3.7974,1.4813,1.2502,2.2591,1.5431,2.6206,1.6707,15.0878,0.2841,4.4845,6.0613,5.6747,0.6055,1.0621,0.5775,2.4425,0.2039,2.3703,2.8675,1.9448,2.281,2.6432
3.8974,2.3053,2.0697,0.624,2.8606,1.5263,1.1612,17.4233,0.2507,4.5614,4.394,5.6805,1.4169,2.9288,1.7419,1.1185,0.361,0.4037,2.6178,4.1476,3.6731,3.3849
3.9973,2.1826,2.7243,2.4598,4.5777,2.7193,2.1697,15.5478,0.2414,3.4844,3.3034,4.5949,2.16,4.0144,3.8914,1.6523,0.5734,5.1522,2.2652,4.7068,5.3746,4.4922
4.0972,3.3474,1.9312,1.9521,4.5882,4.7016,3.3741,16.9628,0.3234,1.4096,0.9435,2.7229,3.0576,3.1208,4.359,3.015,0.48,4.6626,6.3904,4.6747,5.2684,4.336
4.1972,4.7151,0.7027,0.7596,3.6777,3.5614,3.065,16.7694,0.4602,2.1364,2.8956,5.3542,3.0914,3.3855,4.0876,3.4163,0.1971,2.1025,5.8571,2.0396,3.3202,2.7231
4.2971,4.8656,2.8899,1.6405,4.5179,1.371,1.8518,14.3744,0.1137,1.9613,1.5826,7.1602,2.0528,5.5519,2.2809,2.7305,0.2791,3.4959,1.2384,0.4038,1.3148,1.9833
4.397,3.9787,4.013,1.1276,5.1224,1.9857,0.6463,16.8976,0.3462,2.3016,1.0914,4.5919,1.538,6.6658,0.3179,1.7425,0.2614,2.3026,1.1601,2.3073,2.1231,2.4556
4.497,2.7235,3.2442,0.3459,3.7251,1.4938,0.0824,13.9321,0.1092,2.529,2.9779,3.7785,2.6665,5.976,2.2241,0.7191,0.3018,4.4431,3.2409,4.2161,3.5326,3.3011
4.5969,1.0389,1.1252,1.2578,1.3857,0.6904,1.119,17.3394,0.4649,3.5217,2.5691,6.3066,2.7191,3.3181,4.0515,1.2391,0.4379,1.7703,5.8164,4.1797,4.998,4.2307
4.6968,1.6169,1.0512,1.5813,0.8286,1.0117,2.482,12.9928,0.2769,0.1542,3.1427,7.9813,2.1017,0.5788,3.7638,1.9632,0.3523,3.8236,4.2434,3.0341,4.519,3.7225
4.7968,4.6905,2.4415,1.6461,1.6601,1.8333,2.2095,15.8791,0.29,0.8324,4.2662,7.9681,1.4932,3.1843,3.0209,1.8517,0.1313,3.6579,4.3982,1.4914,2.4482,2.0611
4.8967,6.7837,3.6761,0.9091,2.6177,2.1561,0.2604,13.9145,0.2623,1.6973,3.7356,5.4419,0.5713,2.2506,1.0173,1.4944,0.3119,1.3663,3.0565,2.1036,0.9367,1.7094
4.9966,6.7646,4.9896,0.3277,3.0578,0.8847,1.0246,14.9872,0.2888,2.528,3.0942,5.4606,0.5374,2.3747,0.0652,1.1232,0.3021,1.7312,2.8397,2.3483,1.939,2.2804
5.0966,4.9874,5.0551,0.7869,2.543,1.37,0.6355,14.5635,0.4428,2.9914,3.3043,10.855,1.8821,7.8752,1.8862,0.4465,0.2876,1.8595,2.4107,3.328,3.2408,3.178
5.1965,2.8202,3.2334,0.7818,2.2917,2.3097,0.4842,12.624,0.1383,1.7498,1.6101,13.8687,3.2002,10.3628,3.1707,0.8191,0.3453,3.9066,4.5856,3.7669,4.3917,3.8143
5.2964,1.0807,1.0163,2.234,2.8523,1.1479,1.7003,15.1847,0.3858,2.1652,2.7032,11.7756,2.4594,8.2462,2.6603,0.7791,0.2719,1.944,5.8019,2.0671,3.6666,2.9947
5.3964,0.8167,1.868,2.6502,3.1515,0.5856,2.1235,11.9537,0.0802,3.848,4.7082,5.5451,1.931,5.8233,1.6327,0.4275,0.0645,1.3075,2.0389,1.0369,1.6927,1.3924
5.4963,1.8381,2.0491,1.2878,3.2558,0.832,1.2438,15.1353,0.4426,2.5698,0.8614,6.2507,2.1196,7.6596,0.8093,0.6472,0.3307,1.4415,0.7082,1.5691,0.6978,1.429
5.5962,1.6682,1.2297,0.6551,3.2279,0.7245,0.2814,10.9522,0.2561,0.7655,2.3479,5.5023,1.5526,6.9491,1.883,0.5398,0.3779,2.888,1.824,0.8997,1.6916,2.1163
5.6962,0.4704,0.6074,1.3992,2.5049,2.7323,1.5302,14.1104,0.3289,3.2253,2.4542,4.1653,1.6821,1.7084,1.5008,0.3127,0.3541,2.7596,4.7095,0.8389,2.8662,3.0347
5.7961,0.5506,0.7098,0.5272,1.3792,3.4166,2.6533,11.9696,0.2941,2.3992,0.7866,7.049,1.819,4.899,0.6913,0.2939,0.3108,0.3591,3.556,2.3593,3.7292,3.3683
5.896,0.2415,1.3987,1.1771,1.4048,2.1865,2.5605,12.8091,0.2619,2.8451,5.7697,9.6719,1.1302,8.3345,1.0389,0.3693,0.2964,2.3707,2.0643,2.5612,2.8529,2.3008
5.996,1.6646,1.2379,1.7498,1.8802,0.5368,0.505,12.4209,0.4217,3.0323,4.6518,10.4486,0.2306,7.9379,1.1182,0.9145,0.1059,2.4057,2.2717,1.8683,1.0449,0.8908
6.0959,3.3362,0.2633,1.3328,2.5009,1.0682,1.3161,10.753,0.1517,1.3758,1.9601,11.0049,0.667,7.7714,0.4856,0.814,0.232,1.5988,2.5107,1.824,0.5671,1.4378
6.1958,4.0146,2.1535,1.0564,2.8642,1.267,1.1846,13.2572,0.4225,3.8727,4.0428,11.7621,1.3902,9.1218,0.3074,0.443,0.3485,0.4426,3.1142,1.3495,1.4008,2.2258
6.2957,3.5843,3.0238,1.0972,2.2548,1.0801,1.32,9.7923,0.0795,4.0783,3.5335,10.7116,1.4393,8.5057,1.0442,0.2563,0.3993,1.3357,3.21,2.1842,2.3918,3.0703
6.3957,2.3566,2.3054,1.6335,2.7016,1.0858,2.5109,12.9442,0.4244,1.3399,0.8978,7.7866,2.6845,5.4284,1.0605,0.5569,0.3479,2.7682,4.493,2.2404,3.0112,3.0648
6.4956,1.1284,0.9989,1.7033,4.123,1.9754,2.9126,8.9507,0.2305,3.6728,2.1907,3.1325,2.7727,2.2582,0.9145,1.2985,0.3269,2.0887,2.3006,2.4079,2.0963,1.8139
6.5955,2.8001,1.294,0.5672,3.7976,1.9729,1.5271,12.166,0.36,2.6608,0.9761,1.6099,1.2061,1.376,0.3867,1.5909,0.1428,0.4391,0.6562,1.7696,0.5071,0.9297
6.6955,4.2801,2.0749,1.2582,1.9176,0.6174,0.6985,9.9733,0.3215,1.4907,4.0727,4.0797,0.9723,3.9079,0.1286,1.2531,0.1292,1.6038,0.7885,1.0691,0.5539,1.7061
6.7954,4.011,2.7172,1.6308,1.6397,1.1102,0.2479,10.6046,0.2451,3.6119,4.0995,4.5044,0.7422,6.4226,0.5563,0.7782,0.2941,1.636,4.2671,0.7656,1.1212,2.4908
6.8953,2.2705,2.5243,0.2395,2.0049,1.6944,0.646,10.4202,0.4029,3.0096,2.8191,10.079,0.6391,7.0131,1.1323,0.1677,0.4123,2.3121,3.8016,2.5603,1.8927,3.197
6.9953,0.3287,1.1992,1.8683,2.1035,0.767,1.0968,8.79,0.1594,1.7207,1.7085,13.1024,0.857,6.4265,0.8918,1.161,0.335,1.0169,1.6544,2.7254,2.3134,2.9019
7.0952,1.1912,1.3152,2.6928,2.5204,1.2742,1.0563,11.3339,0.4506,2.3055,4.1082,10.1159,2.2381,6.8499,0.7672,1.8768,0.2831,2.4258,2.2739,1.3154,1.4512,1.5697
7.1951,1.8841,2.3773,1.6959,1.3044,1.6657,1.1037,7.6653,0.0901,1.105,2.8354,8.2803,1.8373,7.0284,0.9946,1.8669,0.1691,2.308,1.267,0.4932,0.1417,1.1866
7.2951,2.1128,2.1347,0.8198,1.9387,1.1634,0.4349,10.865,0.4125,2.5132,2.3216,10.1287,0.1542,4.6369,0.9123,1.4977,0.109,0.9229,3.5994,0.6062,0.5866,1.963
7.395,1.644,1.1907,1.4386,4.1515,1.3246,0.0441,7.0808,0.2052,3.1409,2.2415,9.0002,1.0591,0.8338,1.1447,0.8894,0.2911,1.3137,2.9045,0.8793,0.8624,2.705
7.4949,0.7725,0.7463,0.8265,3.6705,1.2925,0.1917,10.2224,0.3831,1.7824,1.9629,4.3784,1.3062,3.223,1.0272,0.3194,0.4659,1.4519,4.4274,1.8047,1.4173,3.2997
7.5949,0.5454,0.7737,0.4256,0.7796,0.5613,0.579,8.2137,0.3405,1.2564,1.831,5.6005,1.4036,4.3882,0.7592,1.5615,0.3956,3.605,3.3396,2.6744,1.7146,2.883
7.6948,1.425,0.8451,1.2096,2.0359,0.4391,1.4651,8.4843,0.238,1.9992,3.0236,6.6029,1.3138,4.7447,1.0317,2.0588,0.2626,1.9366,0.0752,1.5469,0.9608,1.6244
7.7947,2.8267,0.7006,1.4571,2.6653,0.9615,1.2316,8.7056,0.3886,1.2181,1.3731,4.7379,0.2795,5.3889,0.9866,1.8833,0.1639,1.0856,0.6882,0.2456,0.2503,1.4501
7.8947,3.7028,1.4116,1.407,2.0268,1.0574,0.5974,6.8939,0.1642,1.3486,0.6551,4.9395,1.0741,5.3257,0.5431,1.5285,0.078,0.6452,2.6621,1.4185,0.6419,2.1493
7.9946,3.4427,2.3668,0.7749,2.6134,0.7411,1.3138,9.6682,0.4696,1.4024,0.7062,6.8293,1.118,4.6134,0.438,0.7468,0.2541,2.34,4.8811,1.9188,0.6752,2.8499
8.0945,2.1973,2.2596,0.706,1.7329,0.6409,1.4841,5.7794,0.1013,1.3639,0.5969,5.1509,0.6633,3.1116,0.7014,0.5602,0.4676,3.4099,2.6523,1.7083,1.0342,3.2885
8.1945,0.5038,0.9669,1.1343,1.2531,1.1245,1.5437,9.0418,0.4073,1.843,2.9255,6.1619,0.7757,0.8115,0.2912,1.6334,0.4118,1.8439,2.5067,1.404,1.2626,2.7327
8.2944,1.2774,0.649,0.5852,3.8263,0.9765,1.1191,5.6078,0.1835,3.2681,3.2834,5.5913,0.5184,3.2074,0.8371,1.9109,0.2088,2.622,1.404,0.7684,0.6452,1.5408
8.3943,2.7889,1.5647,0.7066,3.7357,0.3893,0.8002,8.4926,0.398,1.4428,0.4666,5.4398,1.6168,3.7495,0.893,1.7452,0.1067,0.9456,2.3111,0.4658,0.417,1.4773
8.4943,3.461,1.6734,1.1156,1.1137,0.4038,1.0643,6.9879,0.3507,0.6218,1.3734,5.5342,1.6708,1.1975,0.8758,1.334,0.075,2.1067,3.304,1.0811,0.687,2.1409
8.5942,3.087,1.6706,0.5416,2.202,0.2349,0.3766,6.6051,0.2405,1.1396,1.9499,3.4185,1.2706,2.4467,1.0719,0.4437,0.2666,1.908,3.8297,1.1512,0.6281,2.8073
8.6941,2.1314,1.7137,0.8174,2.8222,0.6807,0.9941,7.5311,0.3806,1.1341,2.2119,2.7622,0.5349,3.5074,1.7859,0.8331,0.4979,2.896,4.889,0.9436,0.8127,3.1492
8.7941,1.1933,1.5152,1.2563,1.6856,1.0933,1.9374,5.308,0.1652,2.9774,3.1312,3.0793,0.3977,1.1541,1.8414,1.4779,0.4298,3.5041,2.4968,0.3482,0.9577,2.5432
8.894,0.5791,1.2913,0.7933,2.5881,0.7618,1.3575,8.4976,0.4786,2.7784,1.1436,3.9466,1.0954,2.7152,1.6063,1.5476,0.1428,0.7448,0.5426,0.3873,0.4894,1.4072
8.9939,0.4059,1.2141,0.0847,2.3267,0.5229,0.5389,4.4598,0.1108,0.6623,0.6571,3.0931,1.7224,4.2879,0.7401,1.4361,0.1042,1.0499,1.6757,0.7698,0.5191,1.3781
9.0939,0.5414,0.9961,0.2432,0.584,0.8567,0.9331,7.7035,0.4101,1.718,1.7378,5.9525,1.5968,3.0519,0.2679,0.9905,0.1433,1.1924,4.4384,0.8799,0.7325,2.0311
9.1938,0.7401,0.443,0.2053,3.7646,0.6112,0.8774,4.9248,0.1691,1.3147,2.1373,5.805,0.6891,2.097,0.7271,0.5005,0.2911,3.7022,4.8236,0.5753,0.7639,2.6693
9.2937,0.9486,0.5406,0.6362,4.3526,0.434,1.0425,7.2011,0.4034,2.5432,2.3918,4.6964,0.201,2.2798,1.6932,0.957,0.4775,3.2685,3.3384,0.5984,0.8436,2.897
9.3937,1.5168,1.0809,0.9591,1.7529,0.5171,1.1055,6.5493,0.3511,2.9393,2.685,3.7305,0.616,0.8923,1.603,1.121,0.3998,1.702,2.8581,0.6886,0.7891,2.1823
9.4936,2.1316,1.0766,1.1515,1.9375,0.804,0.3983,5.2305,0.2531,2.7492,0.379,2.9806,0.8892,2.6621,1.2322,1.0513,0.0906,1.5895,1.499,0.5648,0.3561,1.0306
9.5935,1.9559,0.9547,0.8642,3.3759,1.1008,0.7186,7.1326,0.3814,1.2787,0.2478,1.6713,1.2216,4.1218,0.4081,0.9968,0.1364,1.4017,2.365,0.7188,0.5027,1.199
9.6935,0.8627,0.8928,0.0991,1.7931,0.9552,0.374,4.3762,0.1603,1.7978,1.8001,0.3849,1.0684,3.7345,0.4068,0.7529,0.2122,2.6699,2.7106,0.3453,0.7516,1.9034
9.7934,1.0672,0.2414,0.674,2.2279,0.3504,0.6498,7.9909,0.4762,1.4261,1.7063,1.8202,0.3026,2.4647,1.1107,0.8415,0.3406,2.048,4.08,0.5311,0.9518,2.4865
9.8933,2.0206,0.8379,0.4495,3.2858,0.7558,1.0916,4.1032,0.1175,1.104,1.8545,3.3288,0.7985,2.0308,1.6696,0.968,0.4695,3.0516,3.9163,1.2682,0.9651,2.5898
9.9933,2.1695,1.5727,0.6124,1.5199,1.0652,1.2521,7.0747,0.422,2.0814,1.3136,2.7484,1.35,2.8817,1.4592,0.7027,0.3623,2.4442,1.6903,1.223,0.6751,1.7904
10.0932,1.7871,1.552,1.536,2.0537,0.7463,0.8451,5.2356,0.1666,0.3833,1.8165,1.9736,1.1682,3.4551,1.1145,0.5154,0.0293,0.73,0.8368,0.5875,0.2152,0.7772
10.1931,1.6555,1.3149,1.3974,3.4615,0.5875,0.3542,6.5506,0.3976,1.2269,1.0569,2.0849,0.5462,3.6368,0.5643,0.615,0.2156,0.7096,2.133,0.3575,0.5192,1.3749
10.2931,2.401,1.508,0.3698,1.8721,0.8464,0.3584,6.8648,0.3403,1.4822,1.3423,2.2242,0.3649,3.3559,0.8467,0.8262,0.3214,2.2907,4.0006,0.6071,0.8468,2.0748
10.393,3.1018,1.7417,0.9848,2.0131,0.8425,0.5462,4.6502,0.274,0.5424,1.2521,1.3021,0.5029,2.8657,1.4605,1.0268,0.3804,3.7086,3.7005,1.2421,1.1759,2.5151
10.4929,2.8556,1.9704,1.1869,3.6242,0.568,0.2187,7.5207,0.3918,1.6993,1.6743,4.5711,0.912,4.538,1.4639,0.837,0.365,2.461,3.2083,1.2935,1.1002,2.3786
10.5928,1.9116,1.819,0.5541,2.622,0.2517,1.0607,4.3948,0.1492,0.922,1.3643,5.9402,1.4224,6.1371,0.7218,0.3053,0.2884,1.5456,2.8623,1.0875,0.5698,1.417
10.6928,1.7232,0.9686,0.5524,1.9331,0.0843,1.9,8.105,0.462,0.1893,1.6711,4.0841,1.4446,5.4614,0.2556,0.2594,0.0911,1.6233,1.4707,0.277,0.1083,0.8033
10.7927,1.9923,1.0298,0.7936,3.197,0.2922,1.3073,4.6094,0.1186,2.3805,0.7575,4.4626,0.7997,3.3952,0.6961,0.6915,0.1539,2.1061,1.2915,0.4683,0.5924,1.7023
10.8926,1.7378,1.807,0.7177,2.721,0.5789,0.0878,7.2075,0.4406,0.5749,0.6553,4.6119,0.7234,2.1401,1.2226,1.0043,0.2834,2.2838,2.2976,0.9277,1.0081,2.3737
10.9926,1.331,1.6534,0.6377,2.7927,0.553,0.3835,6.2495,0.1763,1.6965,1.6801,2.8546,1.0258,2.2162,1.1957,1.0297,0.3789,1.9271,4.3106,1.6018,1.3975,2.707
11.0925,1.1028,0.8127,0.8781,3.5576,0.7035,0.5223,6.5546,0.3827,0.62,3.132,0.601,1.0085,4.0753,1.0954,0.6606,0.3631,3.1489,3.7524,1.5539,1.2182,2.3704
11.1924,1.0384,0.5222,1.367,2.7698,0.8035,0.8153,7.5783,0.3197,2.1813,0.3398,2.1274,0.8262,5.4116,0.584,0.2383,0.2692,2.5623,1.9556,0.7877,0.5047,1.277
11.2924,1.2661,0.7659,1.2537,2.0607,0.5267,0.6019,4.8958,0.2963,0.9053,1.7145,3.3619,0.6688,4.8778,0.4807,0.6186,0.1358,1.1414,1.5519,0.1125,0.2333,1.0716
11.3923,1.5592,0.7233,0.4025,2.8974,0.1643,0.461,8.4448,0.4074,0.9063,0.6085,3.394,0.5531,3.4471,0.2362,0.9571,0.1905,0.8571,2.7533,0.7146,0.7237,2.0968
11.4922,2.0052,0.7943,0.5438,2.9479,0.1161,0.2435,5.1249,0.1362,0.5107,0.3192,4.7584,0.1193,2.9591,1.0629,1.0407,0.3164,2.6761,4.5904,0.9035,1.1888,2.7567
11.5922,2.5524,1.2205,0.6329,2.8754,0.4402,0.5855,8.5782,0.441,0.9141,3.0368,4.3937,0.7476,3.9857,1.3515,0.8425,0.3748,3.7846,4.2456,1.2087,1.5764,2.987
11.6921,2.7272,1.8347,0.164,2.4897,0.7267,0.8464,5.4637,0.1122,1.7769,3.0932,4.1041,1.2657,5.0657,1.6573,0.4637,0.3151,2.4788,4.2391,1.1862,1.297,2.4526
11.792,2.3799,2.1072,1.0791,1.6509,0.5856,1.0027,7.9044,0.4581,1.3192,1.8051,3.6166,0.8198,4.5044,1.0591,0.4924,0.2824,1.8327,3.5307,0.1728,0.4666,1.2493
11.892,1.7221,1.6431,1.2955,2.2018,0.5045,0.2783,7.4775,0.1911,1.5612,2.2202,1.0893,0.583,2.8798,0.1626,0.8844,0.1903,1.7688,1.3566,0.7916,0.4077,1.3607
11.9919,0.8776,0.58,0.7228,2.6891,0.9703,0.5477,6.9462,0.3663,1.2187,0.8565,3.06,0.6955,2.7193,0.6853,1.0587,0.1447,2.2184,1.248,0.7137,0.8439,2.356
12.0918,0.323,0.5804,0.3222,2.2504,0.8264,0.4101,8.369,0.2962,0.702,1.0901,3.3388,0.4268,2.8462,1.1693,0.9179,0.2874,2.4959,3.1732,0.4932,1.2906,2.9095
12.1918,1.3673,1.1322,0.5387,2.1644,0.5598,0.8542,5.6721,0.3106,1.9351,3.4569,2.8736,0.7418,3.1372,0.7963,0.5545,0.3981,2.4597,4.6031,0.3999,1.6334,2.9932
12.2917,1.9968,1.2014,0.3191,1.7259,1.1835,0.9838,9.5437,0.4188,1.2414,0.8886,4.6589,0.9249,4.4049,0.5628,0.3579,0.3171,3.3897,3.1558,0.5719,1.2931,2.2986
12.3916,1.8664,1.3075,0.1121,1.6601,1.2893,0.7076,5.9858,0.1327,2.2943,2.4022,6.2867,0.8918,4.2104,0.2898,0.6779,0.2138,2.1474,1.5952,0.51,0.4462,1.0444
12.4916,1.1879,1.3707,0.4345,2.7179,0.9115,0.734,9.1539,0.4236,1.0651,1.0124,4.507,0.65,2.365,0.3703,0.9397,0.1768,0.486,0.5587,1.0057,0.4991,1.3706
12.5915,0.6932,1.0435,0.6313,2.6576,0.6156,1.3921,6.3895,0.098,1.0352,1.2208,3.9202,0.299,2.7727,0.2355,0.9568,0.1354,0.967,2.4375,1.0729,0.9124,2.3402
12.6914,0.704,0.5057,0.4373,1.5445,0.4913,0.9736,8.829,0.4647,1.0148,1.7143,4.798,0.8472,3.9999,0.5499,0.6963,0.196,3.1218,3.7192,0.8093,1.3424,2.8299
12.7914,0.8476,0.0568,0.1873,1.9002,0.2188,1.1247,8.5189,0.2015,1.5688,1.4959,4.8492,0.8938,3.3863,0.6803,0.2118,0.2952,3.7001,3.9322,1.028,1.6355,2.7909
12.8913,1.2708,0.6087,0.7379,2.1768,0.6467,0.9902,7.4148,0.36,1.2163,1.4992,2.8854,0.2063,1.6116,0.6916,0.3909,0.2806,2.2607,4.2144,0.7479,1.2398,1.9262
12.9912,1.7291,1.3697,0.7732,1.8912,1.1817,0.6124,9.1275,0.2818,2.1955,1.5453,1.7662,0.5142,1.1755,0.6048,0.7301,0.2125,1.9315,2.4162,0.4331,0.3849,0.5865
13.0912,2.0673,1.6706,0.3422,2.0167,1.0048,0.8637,6.6278,0.3096,1.2517,0.2848,2.7283,0.5751,1.3136,0.2529,0.8102,0.1384,1.3401,0.7131,0.7768,0.551,1.2476
13.1911,2.0299,1.3337,0.3497,1.8829,0.3267,0.7544,10.473,0.4177,1.3825,1.0492,0.8018,0.5842,1.3228,0.1244,0.7137,0.0841,2.6255,1.7408,0.6323,0.9173,2.1002
13.291,1.3079,0.83,0.3205,1.476,0.955,0.1692,6.5939,0.1468,0.9482,1.8851,0.757,0.6814,2.4267,0.2418,0.4337,0.1891,2.6209,4.0314,0.4789,1.2936,2.4892
13.391,0.0626,0.6371,0.289,1.838,1.1264,0.2354,9.7292,0.4207,1.0087,1.4006,1.21,0.7556,2.763,0.8826,0.1524,0.3129,3.1062,4.3067,0.9575,1.5354,2.3934
13.4909,1.37,0.5448,0.7565,1.745,0.6589,0.3376,7.2925,0.0803,0.5612,2.3098,2.2208,0.2461,1.939,0.7551,0.5026,0.2616,3.2686,2.4066,0.7677,1.1286,1.4997
13.5908,2.1601,1.1222,0.8265,1.3313,1.2241,0.6878,9.6377,0.4549,1.8354,0.4103,2.3234,0.6172,1.7396,0.5982,0.6357,0.1508,1.2534,1.7241,0.1456,0.3064,0.1474
13.6908,2.2356,1.775,0.4972,1.588,1.7524,0.5576,9.1306,0.2015,0.6831,0.8733,2.6378,0.6991,2.1016,0.5778,0.5907,0.1415,0.8027,1.0541,0.1371,0.596,1.3258
13.7907,1.9396,1.8755,0.1279,1.9626,1.1205,0.2292,7.8336,0.3695,1.2549,1.0764,2.3926,0.1272,0.9992,0.4827,0.5008,0.1247,1.8974,3.0112,0.2841,0.9045,2.0071
13.8906,1.5765,1.4005,0.044,1.8458,0.1114,0.5036,9.839,0.2854,0.6318,1.8655,3.1609,0.7651,1.7431,0.7511,0.3603,0.1828,3.752,3.4445,0.5439,1.1988,2.1688
13.9906,1.1271,0.6931,0.0632,1.3193,0.7234,0.2941,7.4451,0.2928,0.2052,0.9022,3.1278,0.8802,3.248,1.1471,0.4385,0.3008,3.1758,3.3708,1.0638,1.3884,1.84
14.0905,0.553,0.1896,0.2124,1.3585,0.2717,0.5283,10.9929,0.402,1.5425,0.7274,1.644,0.6293,2.7846,0.7471,0.5368,0.2738,1.489,2.7425,1.4691,0.9855,0.873
14.1904,0.0677,0.2447,0.5529,2.2358,0.6289,0.838,6.869,0.1705,1.1645,1.6354,0.8011,0.3031,0.8198,0.8419,0.4258,0.1267,1.145,1.179,0.509,0.2053,0.548
14.2904,0.3108,0.2305,0.7433,2.2709,1.0455,0.8984,10.2902,0.4331,1.455,0.8414,0.3155,0.3196,1.4029,0.5743,0.4171,0.0798,1.8721,1.3537,0.2396,0.6338,1.5124
14.3903,0.278,0.3076,0.5126,1.5657,0.7691,0.5958,8.0277,0.0721,1.7235,0.8908,0.8794,0.7207,1.7165,0.0962,0.5058,0.0732,2.8956,2.4041,0.5568,0.8646,1.9018
14.4902,0.2708,0.3411,0.1154,1.4227,0.29,0.622,10.071,0.4315,0.5474,1.3282,1.8425,0.6105,0.7219,0.8202,0.6031,0.1327,2.1676,3.699,1.0953,1.0538,1.854
14.5901,0.6677,0.3038,0.4912,1.4963,0.7385,0.7139,9.2675,0.1897,0.3422,1.809,3.882,0.4632,2.1074,1.4831,0.6708,0.2868,2.615,2.6975,1.085,1.1984,1.3653
14.6901,0.8013,0.4438,0.4775,1.5883,1.0556,0.4027,8.2236,0.3878,0.9013,0.226,3.6896,0.8764,2.9934,1.1095,0.4826,0.3064,2.1368,0.9874,1.0265,0.8267,0.427
14.79,0.623,0.4546,0.2432,2.2299,0.8694,0.3572,10.4172,0.3033,1.2757,1.6085,2.4109,0.6833,2.559,0.8513,0.1717,0.1414,1.1716,0.7743,0.3805,0.1163,1.0703
14.8899,0.7293,0.4774,0.4187,1.8696,0.6309,1.2276,7.8587,0.2683,1.7196,0.865,3.7223,0.4386,1.5172,0.0649,0.3898,0.0504,1.4212,2.0545,1.1279,0.6882,1.8388
14.9899,1.3291,0.9039,0.3827,0.341,1.1034,1.2752,11.0365,0.3774,1.8839,1.4277,4.5705,0.5539,0.8069,0.703,0.6319,0.1248,2.3672,2.6654,1.1285,0.8847,1.9763
15.0898,1.8918,1.2164,0.0968,1.4934,1.1377,0.9127,6.9366,0.1887,0.739,0.833,5.4421,0.5197,0.7817,0.9287,0.7922,0.189,3.1254,2.2022,0.9168,0.9944,1.719
15.1897,2.0091,1.247,0.3662,1.9131,0.5526,1.2667,10.763,0.4506,0.6621,0.6008,4.6906,0.2362,1.0181,1.2541,0.7115,0.2557,1.9146,2.3474,0.939,1.0697,1.0869
15.2897,1.4923,1.0778,0.5183,0.8066,0.4962,0.9542,8.3805,0.0862,0.7594,1.2854,1.7826,0.257,1.0357,0.7367,0.3406,0.2486,0.6943,1.6893,0.3667,0.6799,0.3176
15.3896,0.5505,0.6845,0.4803,0.7409,1.0387,0.4252,10.0355,0.4059,1.8571,0.4424,2.6774,0.1771,1.1316,0.4963,0.1257,0.1143,0.8993,1.3211,0.4823,0.1789,1.2996
15.4895,0.5323,0.3775,0.3725,1.052,0.6252,1.2251,9.0646,0.171,1.3276,1.3047,2.8668,0.3506,1.5383,0.3765,0.5118,0.0649,2.1137,0.9848,0.6806,0.7841,1.9718
15.5895,0.9605,0.7651,0.2214,0.147,0.4479,1.0432,8.5642,0.401,1.7303,0.3189,1.3465,0.5328,2.1754,0.7458,0.8178,0.1465,2.1529,1.8908,0.9191,0.9278,2.0114
15.6894,0.9177,0.8765,0.0582,1.1732,0.8511,0.6546,10.6757,0.3228,0.7971,1.6961,1.9802,0.3881,2.6408,0.8027,0.9103,0.2088,1.5626,2.3242,0.3878,0.9525,1.6695
15.7893,0.5694,0.6155,0.2423,1.2701,0.435,0.7903,7.7466,0.2512,0.3786,0.1483,2.1388,0.3477,2.3204,0.8904,0.6328,0.2402,2.0257,1.1847,0.6133,0.9586,0.9738
15.8893,0.3748,0.5105,0.4291,0.4483,0.3132,0.4526,10.7208,0.3572,1.1695,0.6498,2.1827,0.2364,1.3456,0.6669,0.1449,0.2225,1.5694,0.7688,0.5701,0.5712,0.402
15.9892,0.7072,0.6542,0.5167,1.4535,0.8252,0.1617,6.9275,0.1911,1.2861,1.2445,2.2988,0.2774,1.1521,0.3352,0.2935,0.1188,1.0143,1.6539,0.5321,0.2393,1.3136
16.0891,0.9154,0.8426,0.5461,1.597,0.8602,0.5387,10.9615,0.46,0.625,1.231,3.2079,0.6223,1.4881,0.2752,0.6454,0.0715,0.7904,1.922,0.1264,0.8383,1.848
16.1891,1.4309,0.9485,0.4865,0.7008,0.5243,0.4786,8.1976,0.1125,1.5872,0.552,3.0918,0.6892,1.8477,0.6228,0.8768,0.1464,1.8394,1.3344,0.3562,0.9864,1.8787
16.289,2.2121,1.0681,0.2075,1.1948,0.4578,0.3337,9.6382,0.3926,0.2188,0.4983,0.7933,0.3353,2.2676,0.8447,0.7976,0.2013,2.2247,0.8356,0.4148,1.0001,1.6567
16.3889,2.487,1.5253,0.2388,1.2144,0.7565,0.5139,8.7185,0.1567,1.158,1.5044,2.2713,0.1436,2.0823,0.9457,0.4109,0.1853,1.3233,1.2625,0.5788,0.9477,1.1213
16.4889,1.9529,1.7276,0.554,0.1567,0.8601,0.6894,8.6894,0.399,1.4861,0.6662,1.5921,0.275,1.3066,1.0681,0.0372,0.1539,0.6777,1.4446,0.545,0.5099,0.4384
16.5888,1.1362,1.1949,0.5227,0.9661,0.6252,1.065,10.4413,0.3322,1.1868,0.8733,1.8375,0.1394,0.7711,0.2853,0.393,0.096,1.2202,1.26,0.8109,0.3312,1.1118
16.6887,1.2006,0.6429,0.2006,0.8114,0.4453,0.9091,7.1931,0.2526,0.6724,0.758,2.8969,0.2721,0.8352,0.3817,0.6973,0.0755,1.656,1.1841,0.8024,0.9225,1.6024
16.7887,1.8564,1.2638,0.1524,0.8707,0.3932,0.3725,10.2505,0.3538,0.9295,2.0404,1.8435,0.3999,1.4859,0.9814,0.79,0.1466,1.2569,1.0551,0.4274,1.0584,1.662
16.8886,2.3309,1.5096,0.2975,1.9114,0.4172,0.4605,6.8036,0.1761,0.7372,0.567,3.66,0.4127,2.1683,0.9285,0.5893,0.2145,1.0561,0.964,0.5997,1.0305,1.6149
16.9885,2.3026,1.2805,0.2479,1.5164,0.4097,0.1874,10.6937,0.454,1.4085,0.7584,2.7931,0.4792,2.6525,0.6031,0.2822,0.1921,1.7456,0.4018,0.9254,0.9022,1.363
17.0885,1.7698,1.0715,0.1114,0.4961,0.4599,0.5043,7.4936,0.1343,1.2118,1.0988,2.6297,0.5116,2.7421,0.4692,0.1739,0.1288,1.3127,0.6859,0.3031,0.445,0.7116
17.1884,1.155,0.9961,0.2348,1.6573,0.4454,0.6894,9.0944,0.3984,0.4235,0.4919,3.1169,0.286,2.0949,0.6545,0.4445,0.1,0.654,1.3106,0.2969,0.3567,0.7902
17.2883,0.7873,0.9592,0.3925,1.501,0.0641,0.7011,8.3162,0.16,0.6339,1.0254,2.1531,0.1744,0.762,0.5624,0.6907,0.0984,0.3694,0.5442,0.3145,0.942,1.3645
17.3883,0.5402,0.7489,0.2795,0.5966,0.4727,0.4194,8.3942,0.3806,0.3232,1.0993,2.8858,0.478,0.4584,0.4317,0.6264,0.1467,1.5082,0.3884,0.8882,1.0974,1.5746
17.4882,0.5714,0.1655,0.1381,1.6942,0.6464,0.2969,9.6871,0.3266,0.6503,0.1886,1.3724,0.4132,0.7713,0.546,0.4135,0.1862,1.9738,0.625,1.1291,1.0565,1.6772
17.5881,0.6378,0.5735,0.5247,1.4491,0.4473,0.6949,6.4309,0.2684,0.6294,0.6695,0.9539,0.1665,1.3008,0.2319,0.3195,0.1292,0.9454,1.2302,0.9827,0.8536,1.5934
17.6881,0.6536,0.9477,0.655,0.4025,0.0847,0.3376,9.7395,0.369,0.0641,0.4501,1.488,0.5985,2.398,0.508,0.2374,0.1321,0.6815,1.1927,0.4448,0.3618,0.9629
17.788,0.7179,0.7744,0.4907,1.8729,0.7179,0.3879,6.391,0.1507,0.6665,0.3439,1.7074,0.747,2.832,0.0427,0.406,0.1547,0.863,0.7317,0.4252,0.41,0.4933
17.8879,0.6447,0.3688,0.296,2.0137,1.2737,0.6678,9.912,0.4344,0.505,1.4182,1.6969,0.4364,2.4231,0.3269,0.5118,0.1085,1.3827,0.8487,0.3792,0.9781,1.1955
17.9879,0.6341,0.4795,0.2002,0.7545,1.3609,0.8211,6.4592,0.142,0.1414,0.3632,0.9815,0.1778,1.6961,0.6032,0.4309,0.1052,1.2274,0.7081,0.4391,1.1403,1.5661
18.0878,0.9771,0.6462,0.0628,1.2142,1.159,1.1298,8.5352,0.4163,0.3118,0.8941,1.831,0.3864,1.3319,0.6134,0.4684,0.1726,1.1604,0.787,0.8011,1.0667,1.7675
18.1877,1.3524,0.6933,0.3128,1.5661,0.9786,0.809,7.775,0.1817,0.4331,0.8929,1.9088,0.2928,1.1541,0.3489,0.4201,0.1712,1.541,0.5335,0.4171,0.7548,1.7025
18.2877,1.5093,0.8493,0.473,0.8883,0.9113,0.6951,7.603,0.354,0.5251,1.4282,1.0174,0.1927,0.708,0.3618,0.2576,0.1176,0.7532,1.0942,0.413,0.2204,1.0106
18.3876,1.4019,1.0313,0.4453,1.1365,0.9785,0.5353,8.5747,0.3093,0.2537,1.1031,0.478,0.3675,0.2243,0.6419,0.2749,0.1205,0.5835,0.9577,0.8331,0.5041,0.4546
18.4875,1.0653,0.9498,0.2989,1.4336,0.7779,0.825,5.6695,0.2841,0.2791,0.6766,0.5761,0.4454,0.5824,0.5316,0.2463,0.1124,0.4726,0.3847,1.052,1.0222,1.1869
18.5875,0.625,0.5641,0.1121,0.841,0.7785,1.0582,9.1263,0.392,0.2142,1.433,0.6715,0.4672,1.9078,0.4296,0.4147,0.1268,1.4359,0.2889,0.7107,1.1766,1.556
18.6874,0.5075,0.3447,0.0875,0.9865,0.8472,0.728,5.565,0.13,0.6824,1.3223,1.508,0.7133,3.0638,0.6249,0.5831,0.1632,1.3099,0.7805,0.4284,1.0672,1.7557
18.7873,0.9009,0.5344,0.233,1.3932,0.735,0.183,8.7622,0.4113,0.4949,0.051,2.9308,0.6947,3.065,0.7258,0.4652,0.1451,0.2312,0.8679,0.476,0.6522,1.6101
18.8872,1.1217,0.5735,0.2379,1.0535,0.6017,0.4136,5.3601,0.1331,0.3858,0.6618,2.1945,0.1759,2.0273,0.4927,0.279,0.0894,0.2399,0.7607,0.1799,0.1067,0.8308
18.9872,0.9097,0.558,0.2113,0.7998,0.3682,0.6041,7.9015,0.4326,0.0976,0.3131,0.5661,0.4308,2.1854,0.344,0.1215,0.1037,0.8891,0.4407,0.5734,0.6187,0.6313
19.0871,0.3674,0.4319,0.3395,1.5065,0.6079,0.6989,6.9818,0.2086,0.6603,0.8338,2.357,0.5255,2.5083,0.4876,0.2374,0.1084,1.4606,0.7493,0.5946,1.07,1.3386
19.187,0.2412,0.1427,0.3076,1.6359,0.7481,0.2153,6.4364,0.333,0.665,1.5341,2.3713,0.2177,1.2157,0.8267,0.5351,0.0993,0.738,1.3052,0.5987,1.2027,1.621
19.287,0.6159,0.7027,0.1024,1.0156,0.8723,0.1152,7.3713,0.2913,0.7058,0.3124,2.1035,0.3207,0.9971,0.5033,0.5796,0.1389,0.7726,0.6743,0.447,1.0397,1.7138
19.3869,0.8398,1.0685,0.4806,1.2367,0.8478,0.1608,4.925,0.2883,0.6187,0.6205,1.7683,0.5517,2.2889,0.5427,0.415,0.1917,0.7013,0.2959,0.1263,0.4991,1.3305
19.4868,1.2734,0.8345,0.6806,1.7571,0.8142,0.4756,8.2906,0.4089,0.8565,0.8922,1.7488,0.5544,1.9684,0.1326,0.2345,0.1058,0.743,0.7644,0.2416,0.2091,0.4198
19.5868,1.7613,0.7068,0.4925,1.5318,0.8095,0.4587,4.3824,0.1291,1.4115,1.1814,2.3213,0.2561,1.3306,0.4878,0.077,0.0661,0.7116,0.6735,0.9045,0.7891,1.0511
19.6867,2.099,1.5638,0.1431,1.8885,0.4029,0.5849,7.5036,0.3983,0.8573,1.787,3.9421,0.5583,2.268,0.2634,0.4019,0.116,0.6603,0.2666,0.8548,1.1381,1.6521
19.7866,2.4202,2.0173,0.2929,2.1546,0.2338,0.8131,4.3806,0.1131,1.2084,0.8735,3.4578,0.8275,2.5296,0.6591,0.5555,0.1592,1.136,0.558,0.7419,1.2168,1.7985
19.8866,2.5382,1.7268,0.2592,1.1582,0.7728,0.3776,7.0482,0.4366,0.4287,1.3758,1.0423,0.4218,1.7051,0.7177,0.4756,0.1278,0.6933,0.5731,1.0941,0.9939,1.7473
19.9865,2.0144,1.272,0.0527,1.9357,1.0687,0.4602,5.9648,0.227,0.729,0.103,2.199,0.4878,0.7313,0.9964,0.3325,0.1516,0.3259,0.6154,0.845,0.3452,1.0589
20.0864,1.2326,1.1616,0.4022,3.143,1.0507,0.5898,5.1508,0.3292,0.4073,1.178,1.5554,0.6141,0.7754,0.2117,0.1492,0.1172,0.2875,0.6574,0.6173,0.427,0.3169
20.1864,1.6964,1.1285,0.6532,2.3843,0.7799,0.4113,6.3069,0.2856,0.486,0.8195,1.1028,0.0961,0.4945,0.3591,0.2502,0.0802,1.0688,0.2288,0.6154,0.9715,1.5592
20.2863,2.3351,1.4988,0.6678,1.432,0.4242,0.3192,4.0555,0.2779,1.398,0.5488,1.4395,0.5987,0.8227,0.8752,0.5126,0.1252,0.9129,0.742,0.7546,1.217,2.0792
20.3862,2.331,1.862,0.4212,2.5126,0.3054,0.3587,7.2216,0.4118,2.1283,1.0901,1.9454,0.8167,1.6955,0.9059,0.5048,0.1763,0.2338,0.567,0.6958,1.2302,2.1517
20.4862,1.888,1.6016,0.3706,2.2488,0.371,0.5451,3.0763,0.1453,0.8328,0.4737,2.5378,0.4465,1.4796,1.0844,0.3553,0.1746,0.2802,0.652,0.4911,0.96,1.9519
20.5861,1.2615,0.8629,0.5394,2.2869,0.2876,0.3222,6.3616,0.4028,1.672,1.0899,2.2038,0.3771,1.1365,1.0106,0.214,0.2032,0.8302,0.3406,0.6714,0.2799,0.9501
20.686,0.6165,0.2819,0.3226,3.239,0.211,0.2184,3.5842,0.0944,0.8588,0.2975,1.7732,0.9445,2.2661,0.193,0.0758,0.1476,0.8508,0.9494,0.2407,0.6403,0.8408
20.786,0.1714,0.322,0.2105,2.2522,0.2722,0.3531,5.9293,0.4264,0.6161,1.1322,1.3697,0.8188,2.4082,0.5441,0.3426,0.0764,0.246,0.7155,0.5166,1.1117,2.0889
20.8859,0.1795,0.328,0.6135,1.5533,0.5082,0.6478,4.9349,0.231,1.2469,0.7869,1.6782,0.4528,1.0419,0.9106,0.4642,0.1284,0.4506,0.947,0.4986,1.2497,2.4748
20.9858,0.5537,0.3334,0.5538,3.4199,0.6509,0.4805,3.9813,0.3415,1.3276,1.2988,0.9377,0.552,1.3542,0.6961,0.3927,0.2123,0.6581,1.5307,0.8681,1.2247,2.4608
21.0858,0.6946,0.6333,0.2208,2.989,0.6791,0.3946,5.4978,0.2964,1.4653,0.9021,0.8147,0.5929,2.3233,0.471,0.3221,0.1964,1.0471,0.5588,0.5942,0.9435,2.1437
21.1857,0.6813,0.7745,0.5401,1.5284,0.6384,0.5388,2.9853,0.2578,1.7044,1.2278,1.5925,0.4553,1.5865,0.6222,0.1698,0.1816,0.4027,0.8707,0.2744,0.307,1.0201
21.2856,1.0584,0.4841,0.6941,2.8487,0.9076,0.6755,6.0814,0.4011,0.7836,0.4327,0.6214,0.2448,0.9531,0.4611,0.185,0.1362,0.3068,0.4048,0.0124,0.7773,1.2311
21.3856,1.32,0.5507,0.4974,2.6628,1.0172,0.557,1.972,0.1629,0.5083,0.9179,1.8242,0.4742,1.8317,0.4932,0.3612,0.0748,0.6867,1.2918,0.6624,1.1844,2.3887
21.4855,1.1389,0.8717,0.3384,1.9274,0.7417,0.5274,5.4248,0.4193,0.6823,1.1229,2.9445,0.6229,1.462,1.1401,0.3448,0.1264,0.7964,1.2387,0.6313,1.2279,2.6704
21.5854,0.6377,0.643,0.4708,3.1412,0.4444,0.9793,3.0767,0.0921,0.7105,1.2369,2.3741,0.2495,0.7211,1.3883,0.3452,0.2579,0.7253,0.7006,0.7287,1.17,2.6236
21.6854,0.1922,0.2181,0.4256,2.4584,0.3849,1.1508,4.6836,0.408,2.0648,0.2068,2.2769,0.5067,1.4589,1.5735,0.3699,0.2552,0.6184,1.0613,0.7694,0.8765,2.1927
21.7853,0.9637,0.5777,0.081,1.6139,0.4702,0.6327,4.202,0.2219,1.5471,0.396,2.5439,0.633,1.3568,1.0426,0.2725,0.1605,0.9508,0.9102,0.207,0.3352,0.9762
21.8852,1.3928,0.7365,0.4136,3.6675,0.4901,0.3152,3.002,0.3583,0.813,0.8561,2.9171,0.1032,1.1431,0.3668,0.2822,0.1198,0.5616,1.5877,0.5392,0.8878,1.4584
21.9852,1.0566,0.6964,0.6938,3.3254,0.2595,0.2509,5.0008,0.315,1.1918,0.2018,2.5622,0.4564,1.9171,0.6465,0.2753,0.1225,0.3156,0.8015,0.9664,1.1769,2.4684
22.0851,0.1787,0.3739,0.5707,1.1386,0.2708,0.7322,1.8679,0.238,1.0737,1.0791,1.3005,0.5554,1.8976,0.6168,0.2679,0.1985,0.1477,0.7965,0.9812,1.1108,2.581
22.185,0.8139,0.3966,0.3229,2.873,0.6321,0.7925,5.144,0.3846,1.5066,0.185,1.2005,0.366,0.8527,0.6966,0.4307,0.2869,1.0664,0.7463,0.4356,1.034,2.4446
22.285,1.2786,0.9714,0.4964,3.1634,0.6705,0.4171,1.4811,0.1718,1.751,0.3594,0.5919,0.1792,0.4142,0.3748,0.4857,0.2444,0.8993,0.9248,0.2143,0.7386,1.8856
22.3849,1.2964,0.9679,0.4814,2.0781,0.4006,0.1047,4.7075,0.4355,1.082,0.3186,0.5458,0.2257,0.8765,0.2754,0.4276,0.1299,0.1864,1.5499,0.1561,0.333,0.6385
22.4848,0.9517,0.3922,0.1866,2.9737,0.2895,0.2202,3.0766,0.105,0.8289,0.6494,0.38,0.5035,0.5227,0.105,0.3388,0.1089,0.2654,0.8338,0.5565,0.9566,1.5849
22.5848,0.4296,0.2926,0.2677,2.5925,0.5062,0.3332,3.5787,0.3916,1.0101,1.0356,1.5553,0.5326,1.5198,0.2648,0.1784,0.1301,0.5593,1.2427,0.7992,1.1359,2.4204
22.6847,0.6533,0.5105,0.3685,1.1257,0.5392,0.1472,3.9985,0.2079,0.9242,1.1685,2.1406,0.5804,2.4257,0.1926,0.3468,0.2046,1.0566,0.9388,0.8826,0.9806,2.3645
22.7846,0.8245,0.4993,0.2323,3.4057,0.3706,0.2127,2.2022,0.3683,1.5698,0.4359,1.1519,0.7618,2.1577,0.516,0.569,0.3086,0.5345,0.8318,0.716,0.8913,2.1336
22.8845,0.7393,0.5869,0.1237,3.6612,0.3194,0.18,4.8788,0.3293,1.3816,0.5402,0.2874,0.4084,1.0358,0.3003,0.6107,0.2874,0.7575,0.6789,0.7549,0.5798,1.4072
22.9845,0.9765,0.4859,0.2355,1.4213,0.4745,0.4816,1.1935,0.2284,1.3863,0.6276,1.024,0.3137,0.8463,0.2811,0.5222,0.1462,0.5444,0.8659,0.7761,0.3747,0.4046
23.0844,0.9735,0.4244,0.2548,1.9816,0.6696,0.7226,4.6527,0.3723,0.7982,0.9329,1.5083,0.633,1.1325,0.706,0.3128,0.1001,0.806,1.238,0.7721,0.9961,1.7264
23.1843,0.4483,0.4185,0.1727,2.8916,0.7029,0.5949,1.8292,0.1704,0.8276,0.7569,2.1135,0.6516,1.2405,0.8614,0.1008,0.1563,0.5443,1.0736,0.5871,1.0506,2.2547
23.2843,0.5343,0.3086,0.1751,1.8479,0.5637,0.3709,4.2795,0.4421,1.2322,0.0779,1.9604,0.3471,1.7425,0.8222,0.4409,0.236,0.4436,1.0793,0.1593,0.8325,2.0726
23.3842,1.0856,0.7233,0.1579,2.1042,0.6445,0.2731,3.5579,0.1196,1.5522,0.7607,0.4515,0.1754,1.8558,0.8458,0.6489,0.3123,1.1063,0.3695,0.2256,0.7341,1.7859
23.4841,1.2639,0.847,0.1764,2.3275,0.875,0.3348,2.8923,0.3848,1.3492,0.7272,1.5928,0.2677,1.6342,0.5569,0.6503,0.2831,0.4078,0.432,0.3269,0.3872,0.8754
23.5841,0.889,0.4953,0.4254,1.1509,1.0322,0.3284,4.3165,0.1986,0.726,0.4282,2.5409,0.2353,1.3985,0.3271,0.4985,0.1277,0.5731,0.7611,0.5214,0.4976,0.8378
23.684,0.3173,0.3865,0.4697,2.1484,1.0106,0.3882,1.7508,0.3675,0.2807,1.2856,2.0109,0.6183,0.9334,0.2044,0.218,0.0824,0.1601,1.7337,0.4446,1.0518,2.042
23.7839,1.3458,0.7182,0.2064,2.6934,0.9765,0.4148,5.1056,0.3328,0.6714,0.4322,1.2104,0.5111,0.6558,0.2326,0.1588,0.1903,0.8138,1.5608,0.1375,0.9848,2.2235
23.8839,1.9908,1.1167,0.1449,1.3058,0.8928,0.6541,1.44,0.2306,1.3729,1.2014,1.3713,0.1379,0.9513,0.1356,0.4991,0.2895,0.9697,0.4031,0.1433,0.739,1.9242
23.9838,1.8105,1.3726,0.2662,1.4069,0.4492,0.94,4.6879,0.3691,0.8996,0.6057,1.8907,0.2169,1.465,0.3193,0.6614,0.3023,0.131,0.4804,0.5275,0.614,1.5625
24.0837,1.1623,1.0495,0.0964,2.4342,0.4627,0.6449,2.6036,0.1634,1.9171,1.182,1.477,0.2964,2.2211,0.5165,0.6089,0.2387,0.4943,0.6368,0.3753,0.2368,0.555
24.1837,0.6642,0.2515,0.3286,1.9544,0.6069,0.4941,4.2131,0.4377,1.5579,0.3204,0.6439,0.4182,2.368,0.5525,0.4026,0.1312,0.4214,1.7557,0.3709,0.6093,1.3782
24.2836,0.5298,0.5069,0.5274,1.1319,0.764,0.6897,4.1859,0.128,0.2103,0.2496,1.6327,0.4911,1.6242,0.2989,0.1,0.1301,0.7071,1.4074,0.4946,1.0825,2.3853
24.3835,0.6906,0.6237,0.4852,1.3201,1.2651,0.9374,2.7767,0.3862,0.5855,1.1676,1.3384,0.35,0.725,0.2066,0.2376,0.2364,0.3919,0.9429,0.4528,0.956,2.3148
24.4835,0.7211,0.3508,0.3089,1.7389,1.5031,1.2389,4.9613,0.1984,0.7035,1.0511,0.3433,0.2044,0.4518,0.1858,0.4904,0.3102,0.4085,1.3363,0.4527,0.7376,1.9579
24.5834,0.6109,0.4354,0.2043,2.1091,1.0654,1.2234,1.8939,0.3594,1.1629,0.1536,2.0715,0.2012,0.5641,0.3791,0.5577,0.2758,0.6491,0.9998,0.782,0.5529,1.512
24.6833,0.6282,0.4472,0.2668,1.6769,0.487,1.1052,5.517,0.3273,1.5729,0.0683,2.9568,0.1679,1.2336,0.1565,0.4517,0.2132,0.4477,1.2082,0.7445,0.1746,0.6583
24.7833,0.5184,0.2944,0.1726,0.9568,0.7034,0.7728,1.9913,0.2372,1.0091,0.4255,1.115,0.179,1.5804,0.1091,0.2512,0.1425,0.5028,0.9301,0.1895,0.7437,1.8134
24.8832,0.6831,0.3295,0.1573,1.5135,0.8234,0.2959,5.1278,0.3713,0.813,0.9223,2.0296,0.2846,1.3594,0.2531,0.041,0.1379,0.1782,1.5241,0.4586,1.1156,2.5907
24.9831,1.014,0.6356,0.463,1.9012,0.8647,0.3513,3.4156,0.1586,0.9776,0.8068,3.0218,0.4916,1.1333,0.1977,0.2688,0.2398,0.6359,1.7924,0.4554,0.9469,2.3531
25.0831,0.8602,0.837,0.4385,2.104,0.8573,0.4319,4.4361,0.4277,0.5723,0.8148,1.3233,0.3844,1.1996,0.4432,0.3911,0.3134,0.8748,0.8489,0.6589,0.7638,2.0286
25.183,0.6424,0.5992,0.0614,1.8923,0.795,0.69,4.7287,0.1301,1.1583,0.951,0.7232,0.081,1.1645,0.4147,0.3531,0.2672,0.2402,0.3309,0.386,0.5031,1.5027
25.2829,1.3345,0.9182,0.3981,0.6602,0.816,0.6464,3.1354,0.3885,0.804,0.3887,1.1088,0.405,1.2511,0.345,0.2522,0.2109,0.2904,1.0699,0.4391,0.218,0.8016
25.3829,2.24,1.7803,0.4955,1.859,0.5347,0.395,5.6772,0.2033,0.3736,0.7818,0.8831,0.2773,1.4287,0.1272,0.1485,0.1729,0.4093,1.8019,0.2017,0.8287,2.0498
25.4828,2.9369,2.1407,0.1892,2.8522,0.2762,0.6272,2.3445,0.351,0.5046,0.7981,1.4009,0.0978,1.1502,0.371,0.1359,0.1659,0.4253,1.7556,0.666,1.1125,2.6448
25.5827,3.0259,1.9881,0.2315,1.8677,0.8351,0.7719,5.9611,0.3195,1.4937,1.0352,2.3898,0.0961,0.4396,0.3775,0.2497,0.241,0.5074,1.2262,0.4398,0.9319,2.2887
25.6827,2.4084,1.7668,0.3543,0.7097,0.887,0.4581,2.5129,0.2404,0.1938,0.6537,1.038,0.3513,0.4825,0.7841,0.2259,0.3014,0.3057,0.9719,0.3346,0.7754,1.983
25.7826,1.6811,1.482,0.139,2.0909,0.472,0.2251,5.7303,0.3714,1.1114,0.3549,2.1975,0.2802,0.8944,0.6226,0.1406,0.2595,0.3926,1.1345,0.0568,0.4335,1.3604
25.8825,1.5183,1.076,0.2756,1.6752,0.5814,0.5814,4.0135,0.1604,0.6066,0.0598,3.0636,0.1449,1.2689,0.6814,0.1797,0.1961,0.5235,1.3387,0.4794,0.2783,0.7556
25.9825,1.4111,0.988,0.5098,0.8357,0.5951,0.7335,4.8038,0.419,0.2353,0.6819,1.0481,0.3976,1.4706,0.3823,0.1896,0.1418,0.4588,1.4282,0.2709,0.8419,1.9995
26.0824,1.0555,0.9819,0.5721,1.885,0.273,0.7901,5.149,0.1313,0.4442,0.1601,1.8868,0.2503,1.0693,0.6108,0.2003,0.1343,0.1664,1.7572,0.3439,1.0315,2.4035
26.1823,0.7126,0.6531,0.4564,1.4282,0.257,0.5757,3.7029,0.3849,0.4905,0.5058,2.9776,0.1066,0.8686,0.4505,0.1661,0.244,0.7889,1.0688,0.4367,0.8674,2.0138
26.2823,0.4634,0.2191,0.2388,0.4277,0.2619,0.0598,6.2247,0.207,0.1941,0.6598,1.909,0.3022,1.5657,0.5719,0.0358,0.342,0.5288,0.0459,0.4088,0.7402,1.7556
26.3822,0.2892,0.1463,0.3168,1.9189,0.2179,0.1651,2.7512,0.3465,0.9695,0.4767,0.8041,0.2799,1.6607,0.2075,0.2381,0.29,0.3838,0.3164,0.2622,0.3332,1.0545
26.4821,0.2865,0.243,0.2737,1.8263,0.4001,0.1358,6.3863,0.3154,1.1575,1.3357,2.2946,0.1044,0.7578,0.3233,0.3237,0.2028,0.3317,1.5471,0.1586,0.3775,0.6347
26.5821,0.4488,0.3171,0.1199,0.9041,0.7082,0.0394,2.9671,0.2377,0.584,0.9056,2.2337,0.1622,0.7637,0.3015,0.2994,0.1827,0.2866,2.15,0.1797,0.8496,1.8317
26.682,0.6698,0.3881,0.5536,1.5552,1.0339,0.0929,6.2524,0.3656,0.228,0.6538,0.2689,0.4889,1.6145,0.178,0.2322,0.1797,0.9436,1.3851,0.2388,0.9329,2.0421
26.7819,0.991,0.5416,0.6329,1.6165,0.9965,0.2626,4.2641,0.1666,0.7138,0.9273,2.4157,0.4667,1.155,0.2436,0.075,0.2299,0.5148,0.8969,0.371,0.7858,1.6543
26.8819,1.4137,0.9078,0.2837,0.8984,0.8171,0.5105,5.2472,0.4138,0.3822,0.418,3.1781,0.2576,0.4341,0.4062,0.2335,0.3178,0.3849,1.0478,0.2307,0.6688,1.4318
26.9818,1.7205,1.3602,0.2814,0.8666,0.7803,1.0638,5.4521,0.1371,0.7594,1.0339,1.3661,0.688,1.9235,0.6899,0.4191,0.3044,0.1606,1.6888,0.1775,0.2051,0.6456
27.0817,1.7769,1.5197,0.4521,0.5583,0.7637,1.1569,4.2221,0.3753,0.5564,0.4275,1.2946,0.5584,2.1821,0.4979,0.4439,0.2067,0.8221,1.5649,0.2383,0.5082,0.8004
27.1816,1.6155,1.2031,0.2202,0.4578,0.5394,0.5509,6.4642,0.2072,0.3324,0.7143,2.3276,0.0946,1.1513,0.3976,0.3699,0.1522,0.7935,1.6961,0.3652,0.8675,1.7697
27.2816,1.3365,0.9091,0.1638,1.1103,0.4247,0.2288,3.0883,0.3438,0.098,0.2401,1.832,0.3453,1.5196,0.845,0.2008,0.1691,0.6397,2.1774,0.2936,0.8491,1.7227
27.3815,1.3518,1.1901,0.353,0.6639,0.4173,0.9487,6.7612,0.3153,1.0734,0.4262,1.2706,0.3707,2.1963,1.1753,0.1655,0.27,1.0726,1.3323,0.3615,0.737,1.366
27.4814,1.8003,1.3561,0.2503,0.9229,0.2976,1.2058,3.2477,0.2331,0.7453,0.8322,0.5666,0.2824,1.4284,0.7037,0.4261,0.3753,0.3017,0.5481,0.3043,0.6171,1.1429
27.5814,2.0078,1.301,0.1469,1.892,0.3671,1.25,6.5588,0.3563,0.8559,1.3756,1.4391,0.2347,0.3504,0.3429,0.5444,0.3284,0.6009,0.9162,0.1548,0.1665,0.2177
27.6813,1.6889,1.2632,0.3546,1.6499,0.1868,0.6943,4.2004,0.1709,1.3574,0.5918,2.043,0.3166,0.8968,0.506,0.5173,0.1743,0.2345,1.5789,0.3643,0.6776,1.1854
27.7812,1.1452,1.0752,0.4834,0.2583,0.3369,0.2362,5.724,0.4084,0.8129,0.5876,2.589,0.3896,0.609,0.6534,0.3774,0.1346,0.8672,1.5679,0.2324,0.9296,1.9082
27.8812,0.7822,0.6989,0.3813,1.4764,0.471,0.6961,5.5551,0.1489,0.3011,0.7345,1.8274,0.234,1.3294,0.3148,0.1201,0.1914,1.0275,0.9072,0.3211,0.8095,1.6618
27.9811,0.7172,0.4585,0.141,1.8111,0.4366,1.08,4.5701,0.3647,1.2998,0.7952,1.8015,0.544,1.9649,0.3766,0.2882,0.2507,0.0633,0.8511,0.3277,0.7254,1.3797
28.081,1.0926,0.6232,0.3077,0.6689,0.3118,0.7598,6.414,0.207,0.6751,0.3653,2.749,0.6144,1.3768,0.1081,0.4993,0.3158,0.3408,1.7609,0.4471,0.5845,1.0665
28.181,1.6296,1.2171,0.2627,1.2868,0.205,0.3019,3.4479,0.3369,0.6182,0.087,1.5405,0.1326,0.4406,0.3846,0.5584,0.3057,0.6533,2.171,0.0947,0.2585,0.3032
28.2809,2.0923,1.7061,0.1419,2.0467,0.4348,0.0319,6.9776,0.3152,0.3737,0.8006,0.4622,0.4478,1.1053,0.483,0.5149,0.1836,1.2385,1.7981,0.3271,0.8283,1.5468
28.3808,2.3201,1.7089,0.5673,0.9652,0.647,0.239,3.2448,0.2319,0.1889,0.5603,1.3059,0.6891,1.1013,0.4331,0.3146,0.1097,0.8935,1.7054,0.1627,0.9909,2.09
28.4808,2.0881,1.444,0.6717,1.1792,0.6683,0.5836,6.6825,0.3495,0.7888,0.5768,1.3309,0.4959,0.9892,0.5536,0.0544,0.1904,0.695,1.4449,0.6514,0.8025,1.7541
28.5807,1.6285,1.3944,0.4141,2.253,0.6598,0.4053,3.9746,0.1703,0.8358,1.3303,1.7258,0.3352,1.2127,0.7358,0.3692,0.3012,0.59,1.3547,0.4145,0.7413,1.5506
28.6806,1.8143,1.4199,0.3045,1.336,0.6518,0.2771,6.1201,0.3981,0.7184,1.2725,2.0423,0.693,0.9503,0.6315,0.5069,0.3594,0.8694,1.7677,0.2608,0.5626,1.1249
28.7806,2.3127,1.4546,0.4157,1.15,0.552,0.3353,5.3267,0.1623,0.4152,0.602,1.2555,0.4743,0.5367,0.8641,0.5187,0.3027,0.9357,2.0736,0.1202,0.3672,0.6783
28.8805,2.3432,1.6089,0.2699,2.6477,0.405,0.2203,4.8264,0.3579,0.3099,0.7344,0.597,0.3203,0.6509,0.8212,0.4261,0.1533,0.5081,1.7492,0.5109,0.9458,1.9322
28.9804,1.9118,1.5579,0.1003,1.8372,0.1798,0.5926,6.2018,0.2121,0.2353,1.2479,1.9558,0.6561,0.847,0.7184,0.1742,0.0924,0.9442,0.9271,0.4589,1.0399,2.358
29.0804,1.3452,1.161,0.3296,0.684,0.3256,0.6244,3.8098,0.3232,0.4854,0.8201,2.4489,0.5524,1.0801,0.7507,0.1616,0.1996,0.706,0.6629,0.4338,0.8283,2.0132
29.1803,0.8935,0.6709,0.4418,2.7112,0.5947,0.3595,6.901,0.3115,1.0463,0.4275,2.5211,0.2451,0.893,0.2931,0.3671,0.2918,0.5222,1.786,0.4353,0.787,1.8563
29.2802,0.6504,0.3689,0.3561,2.4362,0.5293,0.2401,3.0419,0.2339,0.2125,0.6641,1.9832,0.0679,0.2202,0.2314,0.4365,0.3049,0.5721,2.4538,0.1965,0.5611,1.2895
29.3802,0.5047,0.385,0.1627,0.4724,0.2423,0.3134,6.7565,0.3486,0.7496,0.663,0.8009,0.3053,0.5138,0.3723,0.4348,0.2318,1.1595,1.8367,0.258,0.4671,0.9445
29.4801,0.5727,0.477,0.3422,2.1664,0.0647,0.7138,3.6915,0.1685,0.1635,1.0794,3.0505,0.3698,0.5683,0.3492,0.2944,0.1078,1.2471,1.3872,0.3215,1.0405,2.1788
29.58,0.6994,0.5006,0.4346,2.0407,0.1222,0.6699,6.3131,0.3825,0.3364,0.518,3.5522,0.1615,0.197,0.4488,0.1452,0.117,0.7165,1.3561,0.5245,1.071,2.5402
29.68,0.5364,0.486,0.2388,0.6407,0.2559,0.5961,4.7455,0.172,0.1575,0.8394,1.798,0.3766,0.6595,0.2222,0.2685,0.2245,0.5636,1.7429,0.1883,0.8438,2.2325
29.7799,0.4897,0.3036,0.0938,2.4652,0.2376,0.6504,5.1798,0.3539,0.5423,0.3708,1.2209,0.3578,0.8484,0.4466,0.3061,0.2873,0.8945,2.0966,0.448,0.8003,2.0781
29.8798,0.8499,0.3405,0.3029,2.3752,0.22,0.6559,5.9053,0.225,0.2136,0.2946,1.6674,0.1744,0.5286,0.4779,0.3166,0.2695,1.2129,2.373,0.0942,0.5211,1.3508
29.9798,0.9783,0.6823,0.2809,0.3135,0.5706,0.7311,4.0857,0.3061,0.4818,1.0545,1.383,0.5013,0.2824,0.1945,0.2987,0.2255,0.7211,2.3768,0.3942,0.5234,1.08
30.0797,0.7681,0.6436,0.1866,2.3734,0.6533,0.2912,6.5215,0.305,0.6869,1.2716,1.0123,0.3955,0.9455,0.2986,0.2221,0.1496,0.5116,1.2264,0.3462,1.0697,2.2608
30.1796,0.4247,0.2362,0.2474,2.4596,0.3347,0.3732,3.0016,0.2329,0.3912,0.5821,0.9418,0.0565,1.0465,0.1183,0.302,0.1037,0.8228,0.2515,0.7039,1.0459,2.5252
30.2796,0.7892,0.5454,0.2678,0.5002,0.2329,0.8301,6.8341,0.3515,0.3861,0.138,1.085,0.2713,0.3248,0.1266,0.3184,0.1883,0.8485,0.8605,0.4353,0.8276,2.2576
30.3795,1.4537,0.9601,0.1894,2.3434,0.2973,0.9923,3.318,0.1724,0.8431,0.481,0.9534,0.3761,0.9382,0.4078,0.2116,0.2767,0.6228,2.2022,0.2968,0.7653,2.0816
30.4794,1.7324,1.1202,0.1635,2.6198,0.194,0.4069,6.3352,0.3668,0.5512,0.6044,1.3837,0.3288,1.4684,0.5601,0.1767,0.2705,0.6332,2.2124,0.2861,0.4348,1.2411
30.5794,1.4626,1.0585,0.2699,0.8083,0.5623,0.6387,4.0165,0.1764,0.3694,1.6813,1.669,0.2536,1.0246,0.246,0.1884,0.1963,1.012,1.1579,0.4432,0.5709,1.1703
30.6793,0.8924,0.7621,0.371,2.1629,0.788,0.6918,5.6886,0.3473,0.5021,0.3338,1.3473,0.1056,0.8698,0.176,0.316,0.1041,0.9578,0.9121,0.0676,1.0683,2.252
30.7792,0.3911,0.3192,0.3892,2.3287,0.6839,0.4665,5.4578,0.2422,0.4247,0.6244,1.9753,0.2631,1.433,0.4404,0.4063,0.0858,0.6402,1.2987,0.4505,0.993,2.3755
30.8792,0.1119,0.0734,0.2404,0.9672,0.4941,0.632,4.3551,0.2929,0.7326,0.5795,1.4863,0.2509,1.2235,0.4515,0.3034,0.1977,0.7094,2.3423,0.198,0.7952,2.1345
30.9791,0.1237,0.3437,0.0718,2.797,0.518,0.5617,6.0362,0.3015,1.4532,0.8942,0.2473,0.0222,0.4091,0.4033,0.1143,0.3003,1.0735,2.3485,0.2509,0.6869,1.8678
31.079,0.3905,0.4822,0.2964,2.8805,0.5108,0.7076,3.4287,0.2232,0.5269,1.1283,1.1905,0.0899,0.4122,0.5617,0.072,0.2837,0.9038,2.4232,0.1033,0.2997,0.8926
31.1789,0.6862,0.4425,0.2497,0.4526,0.4062,0.675,6.8164,0.3524,0.6421,1.3216,0.8288,0.0599,0.9387,0.1658,0.2574,0.1771,0.3534,2.1741,0.1465,0.6228,1.2893
31.2789,0.7923,0.4655,0.12,2.6794,0.3949,0.0083,2.9037,0.1835,0.3734,0.3979,1.6385,0.2674,1.303,0.4061,0.4366,0.1133,0.5645,0.9987,0.1796,1.055,2.2163
31.3788,0.8188,0.6518,0.4585,3.2514,0.4754,0.5873,6.4183,0.3581,0.0517,0.4716,1.7253,0.4065,1.2453,0.5384,0.4281,0.1111,1.1373,0.9212,0.5483,0.9367,2.1784
31.4787,1.113,0.7178,0.5169,1.3325,0.4591,0.6949,3.5105,0.1799,0.7904,0.2624,2.0876,0.4138,0.8371,0.5235,0.2347,0.161,0.9841,1.5499,0.3134,0.7561,1.9622
31.5787,1.3059,0.7734,0.2438,2.2375,0.4164,0.3837,6.216,0.3333,1.5829,0.5194,2.7699,0.2319,0.6682,0.3542,0.0337,0.2363,0.4126,2.2479,0.1977,0.5634,1.5605
31.6786,1.0641,0.8463,0.2994,2.7067,0.3446,0.1161,4.792,0.2567,0.3239,1.0123,2.0929,0.3813,1.0407,0.3266,0.1972,0.2523,0.6021,2.1406,0.1724,0.1796,0.6377
31.7785,0.6379,0.6716,0.4906,1.1242,0.2159,0.2016,4.9104,0.2876,1.415,0.1184,3.3843,0.4697,1.3865,0.3416,0.3985,0.1864,1.1405,1.4407,0.1272,0.7239,1.6552
31.8785,0.7297,0.5169,0.4069,2.9463,0.0671,0.5196,5.7188,0.3074,0.741,0.1431,3.8108,0.2141,1.1784,0.0941,0.4724,0.0974,1.3258,0.9967,0.4737,1.0593,2.3151
31.9784,1.1193,0.8788,0.2424,3.3739,0.0972,0.309,4.1631,0.2055,0.2076,1.2605,1.8582,0.1978,0.431,0.1242,0.3577,0.0924,0.835,1.5088,0.9458,0.9191,2.1034
32.0783,1.4452,1.1548,0.2253,1.097,0.2029,0.099,6.6218,0.3475,0.5249,0.6416,1.9904,0.246,0.5411,0.3049,0.1527,0.1884,0.7795,1.723,0.7844,0.7518,1.8694
32.1783,1.6229,1.17,0.3001,2.7399,0.213,0.5375,2.9365,0.1944,0.8644,1.0313,2.1357,0.2693,1.1994,0.1941,0.0922,0.2802,0.9206,1.9428,0.2787,0.4511,1.275
32.2782,1.5802,1.0848,0.2934,3.7758,0.2525,0.4756,6.7787,0.3592,0.1612,0.9338,0.8351,0.4266,1.9044,0.1823,0.3145,0.2555,0.9237,1.9468,0.1126,0.2742,0.8929
32.3781,1.3087,1.0045,0.2095,1.9084,0.5852,0.2172,3.4359,0.1905,1.1084,0.2135,0.5396,0.472,2.339,0.1875,0.4556,0.1456,0.6952,0.87,0.4966,0.8383,2.1017
32.4781,0.921,0.823,0.4812,2.156,0.6645,0.5238,6.6624,0.3131,0.816,0.5516,0.7657,0.4013,2.2465,0.2968,0.3976,0.0965,0.999,0.5329,0.3288,1.0667,2.5109
32.578,0.6925,0.5336,0.6449,3.4333,0.5311,0.4163,4.1144,0.2634,0.8552,0.7004,1.1196,0.3409,2.091,0.5295,0.2224,0.0868,1.2872,0.4276,0.4756,0.9309,2.2367
32.6779,0.6889,0.5492,0.4276,2.3875,0.4333,0.1194,5.9069,0.2862,1.1516,0.6253,0.654,0.33,1.8066,0.5713,0.0634,0.1215,0.7967,1.2691,0.5774,0.7687,1.9654
32.7779,0.6657,0.7502,0.093,2.3603,0.5152,0.1998,5.6373,0.3235,0.7208,0.3519,1.5048,0.2336,0.6891,0.6786,0.1518,0.214,0.5247,1.346,0.4286,0.3973,1.2444
32.8778,0.6189,0.7503,0.3506,3.0102,0.8587,0.3796,4.9797,0.1877,0.355,0.6694,2.0329,0.3388,0.949,0.4924,0.355,0.2432,0.7691,0.1488,0.1992,0.4377,1.4094
32.9777,0.6436,0.6301,0.2628,1.7603,0.8835,0.4344,6.397,0.3382,0.7518,0.2397,1.3355,0.3951,1.9835,0.2278,0.4185,0.1628,1.3374,0.5587,0.4478,0.9542,2.5793
33.0777,0.799,0.5849,0.1356,2.4277,0.2561,0.2673,3.8686,0.1959,0.6262,0.8724,2.2282,0.1925,1.9195,0.2575,0.2896,0.0743,1.2589,0.2728,0.5261,1.098,2.7821
33.1776,0.9872,0.8146,0.4166,3.6213,0.792,0.7379,7.3464,0.3658,0.6523,0.8639,1.9548,0.1878,1.9989,0.2424,0.1249,0.047,0.6698,1.3906,0.1051,0.9564,2.4236
33.2775,1.3215,1.1129,0.4005,2.5551,1.2616,0.8562,3.6864,0.2109,0.7834,0.1637,1.6333,0.5431,2.841,0.3068,0.0466,0.1013,0.6285,1.1841,0.288,0.7553,2.0209
33.3775,1.8467,1.2433,0.1747,1.1691,0.9642,0.6244,7.1532,0.2938,0.485,0.5797,2.6895,0.6386,2.8904,0.4818,0.2088,0.2129,1.0039,0.5011,0.2461,0.3378,1.2368
33.4774,2.1331,1.3744,0.1936,2.4574,0.2553,0.6834,3.9792,0.2631,0.0169,0.6253,1.2087,0.3672,1.7733,0.0877,0.3156,0.2465,1.0897,0.9617,0.2867,0.5731,1.7697
33.5773,1.8881,1.4835,0.2331,2.8402,0.1938,0.4814,7.1243,0.2806,0.5645,0.1685,2.3424,0.0994,0.4749,0.3024,0.271,0.1448,0.6636,0.2965,0.2843,0.9962,2.7634
33.6773,1.2558,1.2143,0.1958,2.5255,0.3647,0.6451,5.626,0.3433,0.6361,0.6741,2.4466,0.3651,0.5224,0.698,0.1776,0.0276,0.8523,0.9861,0.6642,1.0677,2.7885
33.7772,0.5636,0.609,0.1487,1.909,1.1546,0.9112,5.9414,0.1801,0.6136,0.2186,2.1565,0.1828,0.6989,0.7741,0.1513,0.0398,0.8314,0.5636,0.4933,0.9366,2.4084
33.8771,0.1607,0.1922,0.0319,1.5273,1.5045,0.5875,6.4767,0.3316,0.9485,0.6008,2.9446,0.2744,1.8247,0.3852,0.126,0.1079,0.6726,0.6786,0.269,0.7079,1.9129
33.9771,0.4067,0.0824,0.1983,2.4634,0.9564,0.5758,5.2908,0.185,0.6963,0.3721,2.7142,0.5423,2.526,0.1081,0.2118,0.2004,0.5843,0.9875,0.2682,0.3275,1.1692
34.077,0.3991,0.4247,0.2087,2.855,0.5197,0.9365,7.8685,0.3698,0.5237,0.5065,3.1911,0.371,2.243,0.6043,0.2362,0.223,0.9258,0.4316,0.5324,0.7004,1.9122
34.1769,0.8977,0.8613,0.1032,2.3336,1.2068,0.8481,4.2639,0.2337,0.7574,0.6462,2.7428,0.1552,1.9514,0.4849,0.1995,0.1165,1.2189,0.815,0.3122,1.0157,2.6995
34.2769,1.6689,1.1667,0.3582,1.842,1.0825,0.5816,7.9187,0.2848,0.2903,0.5048,2.4635,0.4036,2.0447,0.2083,0.2523,0.0187,0.8253,0.1562,0.1129,0.9976,2.5861
34.3768,2.062,1.5071,0.4524,1.8224,0.3105,0.4334,4.6325,0.2633,0.4468,0.6654,2.6706,0.3859,1.2901,0.0834,0.2545,0.0656,0.3216,0.8555,0.2526,0.8501,2.1916
34.4767,2.0185,1.681,0.2423,2.6107,0.4948,0.3014,8.2422,0.2658,1.1306,0.4118,1.7915,0.2468,0.3431,0.1862,0.1903,0.1368,0.6158,0.9216,0.2321,0.5807,1.5905
34.5767,1.8568,1.4171,0.1287,3.0769,0.6827,0.3069,5.6275,0.3576,0.3591,0.4943,1.3134,0.3327,1.2805,0.1683,0.162,0.1992,1.1743,1.062,0.1917,0.3109,0.9966
34.6766,1.6495,0.9967,0.3501,1.9933,0.5218,0.2647,7.2112,0.1837,0.5938,0.2236,1.3715,0.4074,1.0777,0.3345,0.1445,0.2054,0.962,1.1297,0.0908,0.7625,1.9665
34.7765,1.2873,0.9126,0.289,1.3377,0.7073,0.3309,6.9955,0.336,0.3774,0.7474,0.2494,0.2102,0.8249,0.1601,0.2505,0.1214,0.5518,0.3719,0.3818,0.9667,2.5099
34.8765,0.9539,0.9451,0.1327,2.8474,0.8024,0.8027,6.6785,0.1681,0.2257,1.1063,1.7124,0.2508,1.6569,0.0775,0.33,0.0632,0.8376,0.4183,0.4743,0.8785,2.2097
34.9764,0.9611,0.9482,0.2367,2.7321,0.4168,0.6437,8.2343,0.3656,0.8381,0.3222,1.4089,0.6324,1.6239,0.1152,0.2927,0.0497,0.7853,0.2837,0.41,0.7156,1.7277
35.0763,1.2434,0.9549,0.2477,1.4246,0.2834,0.2743,5.3402,0.2481,0.6337,0.328,1.8177,0.5998,0.7893,0.3442,0.1903,0.1179,0.7834,1.1227,0.2938,0.4217,1.007
35.1763,1.3796,0.9844,0.2278,1.7137,0.6224,0.6556,8.9647,0.2899,0.2703,1.1476,2.9474,0.1455,0.3911,0.2427,0.0712,0.1811,0.6766,0.8211,0.1975,0.3549,0.8429
35.2762,1.1816,1.0893,0.2267,1.8837,0.4112,0.3857,5.5968,0.2733,0.4646,0.7198,2.4482,0.3119,0.302,0.2557,0.1672,0.163,1.0955,0.3565,0.1563,0.823,1.8912
35.3761,1.1246,1.0651,0.2144,1.8288,0.2035,0.2433,9.1443,0.2434,0.6307,0.623,2.2958,0.3279,0.3422,0.364,0.3402,0.083,1.3163,0.4678,0.1019,0.9386,2.1823
35.476,1.5785,1.0382,0.299,2.3655,0.6534,0.4669,5.8819,0.3606,0.1435,0.8347,2.3985,0.1124,0.6784,0.2237,0.3971,0.0558,0.7971,0.6067,0.2862,0.7851,1.7733
35.576,1.9574,1.4189,0.2483,1.6892,0.4856,0.4741,8.7183,0.1896,0.7942,1.2125,2.6496,0.4058,0.3827,0.2896,0.3236,0.0355,0.374,1.1868,0.4794,0.5791,1.2199
35.6759,2.033,1.7193,0.0459,0.7879,0.237,0.4991,7.6759,0.3534,0.8632,1.2843,2.4893,0.3995,0.2835,0.4022,0.1745,0.1124,0.8368,0.596,0.3756,0.2692,0.481
35.7758,1.8819,1.4917,0.292,2.5146,0.791,0.2558,7.8539,0.1581,0.6795,1.2485,1.6284,0.1537,0.6433,0.5991,0.0424,0.1702,1.2572,0.59,0.0785,0.5059,1.1132
35.8758,1.4695,0.8915,0.3078,2.7493,0.8827,0.2671,8.5959,0.3539,0.6464,0.2766,2.3307,0.1182,0.7266,0.3182,0.264,0.1323,1.0685,0.5462,0.3335,0.9025,1.9208
35.9757,0.7653,0.4444,0.125,1.4214,0.8903,0.3218,6.8225,0.2481,0.3379,0.7059,1.9839,0.1464,1.0765,0.1971,0.4293,0.0527,0.7758,0.8542,0.5545,0.8813,1.916
36.0756,0.0356,0.231,0.3014,1.1082,0.9205,0.6155,10.005,0.3033,0.2487,0.7953,0.9472,0.1143,1.0524,0.4155,0.4339,0.0585,0.9275,1.1814,0.4361,0.6396,1.4259
36.1756,0.4477,0.1636,0.3222,1.8977,0.442,0.5589,6.4615,0.2943,0.668,1.094,1.0597,0.2325,0.2983,0.3336,0.2914,0.0441,0.8329,0.8544,0.4478,0.3971,0.8299
36.2755,0.7239,0.5413,0.0668,2.0455,0.5532,0.1264,9.9611,0.2218,0.5062,1.5342,0.4469,0.2242,0.7386,0.1677,0.092,0.1413,0.9507,0.5874,0.4587,0.1865,0.6107
36.3754,1.2403,0.7417,0.2344,1.9703,1.1469,0.8084,6.6054,0.3538,0.7406,0.7391,0.8753,0.2052,1.2851,0.2344,0.1302,0.1755,0.9436,0.8235,0.1197,0.6114,1.5783
36.4754,1.6874,1.118,0.318,1.4292,1.0027,1.0514,10.1548,0.1876,0.6217,0.3676,0.7804,0.0913,1.1978,0.2962,0.3157,0.1038,1.4711,1.2975,0.415,0.9285,2.0915
36.5753,1.7859,1.5064,0.1813,0.9925,0.3645,0.5873,8.177,0.3762,0.5802,0.229,0.6235,0.1125,1.3678,0.2971,0.4103,0.0352,1.5523,1.0585,0.503,0.8379,1.857
36.6752,1.7434,1.4158,0.0662,1.6195,0.1726,0.592,8.9298,0.1633,0.5076,1.2962,1.5591,0.2453,1.7974,0.3153,0.3593,0.0419,0.7053,1.1576,0.5318,0.5599,1.3224
36.7752,1.7308,1.0822,0.1264,1.7889,0.3771,0.7442,9.1572,0.3423,0.3082,1.3798,1.479,0.2922,1.6746,0.246,0.2091,0.0079,0.3016,1.0578,0.196,0.296,0.7513
36.8751,1.7205,1.2041,0.236,1.3581,0.6561,0.7416,8.3318,0.2356,0.4021,1.2313,1.4572,0.1767,0.9364,0.1814,0.0739,0.1201,0.9067,0.3791,0.3446,0.2466,0.9706
36.975,1.7641,1.2598,0.242,0.7734,0.7955,0.731,10.7404,0.3148,0.5647,0.498,1.0622,0.1661,0.2821,0.1812,0.1589,0.1705,1.4471,0.5997,0.2258,0.6962,1.8661
37.075,1.5629,0.9107,0.135,0.8362,0.4337,0.7175,7.2307,0.317,0.8907,0.6668,1.2007,0.2288,0.8301,0.1522,0.2958,0.116,1.2459,0.5152,0.3435,0.9575,2.1717
37.1749,0.875,0.4996,0.2839,1.4455,0.2864,0.212,10.8608,0.2121,0.4782,0.5891,1.4539,0.156,1.0318,0.274,0.3371,0.0687,0.8745,0.9293,0.2804,0.8257,1.8186
37.2748,0.6837,0.4371,0.3105,1.2909,0.6796,0.5406,7.5924,0.3461,0.3881,1.6031,3.3158,0.1284,1.1881,0.4091,0.2661,0.086,0.6548,1.2023,0.5646,0.5157,1.2541
37.3748,1.3479,1.0497,0.1586,0.1977,0.6609,0.4567,11.2352,0.1746,0.5211,0.9515,3.7754,0.1943,1.8407,0.3505,0.188,0.0481,0.8473,0.8315,0.4431,0.2353,0.7162
37.4747,1.706,1.4929,0.2957,1.0186,0.4275,0.0199,8.4339,0.393,0.711,1.1219,1.0462,0.3321,2.3347,0.1939,0.1451,0.078,1.1343,0.2599,0.284,0.319,1.1234
37.5746,1.8461,1.3215,0.3068,1.318,0.4655,0.4787,10.0711,0.1764,0.7616,0.2623,2.1953,0.3494,2.0194,0.2001,0.1717,0.1501,1.1757,0.7567,0.3762,0.7236,1.8876
37.6746,1.813,1.0526,0.048,0.588,0.7149,0.3972,9.8626,0.3409,0.2074,0.7144,2.8405,0.233,1.0259,0.0394,0.2511,0.1158,1.5899,0.8064,0.3336,0.9256,2.0574
37.7745,1.6708,1.3536,0.2841,0.3969,0.6362,0.3108,9.5218,0.2214,1.1842,1.5641,1.7781,0.0661,0.385,0.1573,0.2348,0.0841,1.0696,0.3181,0.2312,0.7761,1.6866
37.8744,1.6752,1.3977,0.3549,0.6214,0.141,0.3031,11.0991,0.3166,0.6089,1.3957,1.1718,0.1121,0.373,0.2401,0.2097,0.0978,0.2348,0.1197,0.389,0.4557,1.1208
37.9744,1.5709,1.0213,0.1488,0.5706,0.547,0.2217,8.0987,0.3295,0.2572,1.2245,1.0159,0.2112,0.9085,0.0865,0.2361,0.0531,0.3841,0.4621,0.4063,0.1773,0.5929
38.0743,1.0932,0.7512,0.1328,1.0951,0.7529,0.5658,11.7967,0.2194,0.2871,0.8046,2.0078,0.2969,1.9238,0.254,0.188,0.0804,1.2617,0.1937,0.2664,0.3436,1.0811
38.1742,0.6074,0.5498,0.2289,0.8301,0.5055,0.6223,8.423,0.3483,1.2189,1.3372,2.8153,0.3107,2.2048,0.3694,0.1509,0.1542,1.6141,0.638,0.0712,0.6913,1.7098
38.2742,0.4018,0.1862,0.1586,0.3863,0.0694,0.2124,11.8916,0.1546,0.6308,0.2842,3.5367,0.1667,1.9481,0.1508,0.1674,0.1305,0.9536,0.6997,0.0958,0.8431,1.7707
38.3741,0.1273,0.1836,0.0686,1.3541,0.4175,0.229,8.6412,0.3959,0.8065,1.3228,3.0105,0.1518,2.0252,0.0913,0.1861,0.1142,0.6318,0.5715,0.3157,0.6846,1.396
38.474,0.6237,0.2882,0.1088,1.4078,0.3586,0.1157,11.2359,0.1842,0.3879,0.4372,3.3431,0.3824,1.5599,0.1555,0.2856,0.1277,0.4622,0.9365,0.249,0.3594,0.8369
38.574,1.0865,0.6913,0.2417,0.5128,0.1802,0.2841,10.4088,0.3542,0.0165,1.0514,4.0131,0.4375,0.3223,0.0312,0.295,0.0796,1.3215,0.5425,0.0634,0.0984,0.2719
38.6739,1.3317,1.1025,0.2286,0.5747,0.552,0.246,10.2877,0.2182,0.4568,0.7848,2.0276,0.4773,1.3812,0.2316,0.1929,0.0738,1.3166,0.4996,0.5593,0.3263,0.8495
38.7738,1.4395,1.2194,0.048,1.0384,0.9916,0.3423,11.2435,0.3077,0.7617,0.6017,2.7416,0.3585,1.5124,0.2727,0.0951,0.1582,1.2131,0.3098,0.6379,0.609,1.3547
38.8738,1.4584,1.0837,0.2408,1.1367,1.2765,0.5778,9.088,0.3255,0.8611,0.3794,2.9971,0.2624,1.1991,0.1747,0.0753,0.1557,1.3567,0.2981,0.3274,0.7302,1.3905
38.9737,1.3685,0.9582,0.3312,1.0086,1.1659,0.3258,12.5068,0.2372,1.2325,0.4018,0.5795,0.5161,2.3779,0.2857,0.2551,0.1616,0.6474,0.3193,0.2419,0.5766,1.0869
39.0736,1.1646,0.9932,0.293,0.7306,0.8168,0.2271,8.8616,0.3629,0.2335,0.4699,3.7141,0.6116,2.5874,0.2324,0.378,0.1579,0.7005,0.9891,0.3739,0.2445,0.5913
39.1736,1.1297,1.0108,0.2831,0.9341,0.4598,0.1546,12.2778,0.1374,0.1918,1.3427,2.9269,0.513,1.1974,0.2024,0.3235,0.0758,0.9882,1.2865,0.4613,0.0903,0.0896
39.2735,1.5031,1.0522,0.1972,1.099,0.3319,0.552,8.9662,0.3851,0.4651,0.9851,2.4345,0.4163,0.6078,0.419,0.1776,0.0888,1.7711,0.9088,0.3325,0.3146,0.6451
39.3734,1.8681,1.4298,0.033,1.0011,0.2199,0.8689,12.1686,0.1799,1.0058,0.523,3.9359,0.4425,1.2272,0.1498,0.0287,0.1771,1.6748,0.9254,0.6827,0.5055,0.9933
39.4733,2.0298,1.7784,0.2094,1.1398,0.3048,0.6715,10.5354,0.3755,0.9203,0.2554,4.2014,0.4384,0.2189,0.2943,0.1707,0.1883,0.7304,0.0703,0.4335,0.6052,1.0426
39.5733,2.0847,1.6723,0.2364,0.7273,0.4873,0.3266,10.7728,0.2281,0.9147,0.212,3.5102,0.579,1.4788,0.2625,0.348,0.2012,0.2692,1.2802,0.1548,0.4776,0.8556
39.6732,1.9908,1.2723,0.1528,0.9246,0.5191,0.8494,11.3626,0.2947,0.3818,0.619,1.1873,0.683,2.3658,0.1389,0.3794,0.1531,0.9315,1.1707,0.3278,0.1553,0.4847
39.7731,1.6836,1.1116,0.0848,1.719,0.3715,0.6518,9.9521,0.308,0.2736,0.8599,2.8214,0.4111,1.7435,0.3517,0.2688,0.0577,1.5693,1.0502,0.6443,0.1593,0.2902
39.8731,1.3282,1.0751,0.0662,1.1696,0.1905,0.5436,12.7485,0.2536,0.7312,0.7358,2.3612,0.2089,1.0148,0.4455,0.1251,0.0961,1.3728,1.6358,0.4743,0.336,0.6205
39.973,0.9964,0.798,0.0407,0.6317,0.5248,0.3646,8.98,0.3807,0.0831,0.336,1.8556,0.5465,1.7068,0.0624,0.0834,0.1428,1.2846,0.7663,0.248,0.4505,0.8131
40.0729,0.5933,0.4429,0.0942,2.0894,0.7194,0.4959,12.5791,0.1347,0.4599,0.5103,2.1991,0.5226,1.1905,0.2129,0.2687,0.1594,1.0416,0.4298,0.2689,0.5176,0.8123
40.1729,0.6735,0.4325,0.252,1.7886,0.4973,0.5997,9.2962,0.3699,0.711,0.4482,1.1875,0.3389,0.5417,0.4469,0.3635,0.1894,0.7755,0.6732,0.3002,0.3969,0.6468
40.2728,1.0923,0.8108,0.249,0.4921,0.2095,0.4626,12.6279,0.1645,0.2954,0.0585,3.3952,0.6111,1.9073,0.4318,0.3125,0.157,0.8602,1.317,0.329,0.0874,0.3346
40.3727,1.2577,1.1136,0.0469,1.9397,0.3125,0.6866,10.2313,0.392,0.0684,0.6969,4.3528,0.5265,1.5336,0.2501,0.1966,0.0643,1.1456,1.2838,0.3386,0.2324,0.3798
40.4727,1.2826,1.0326,0.2421,1.6938,0.2865,0.8598,11.1785,0.241,0.2409,0.4794,3.9483,0.4165,0.973,0.2174,0.0661,0.0875,1.5689,0.9394,0.5069,0.3857,0.7317
40.5726,1.4059,0.9426,0.2423,1.0001,0.532,0.6435,11.4346,0.2893,0.5353,1.4041,3.3083,0.8962,2.7121,0.3926,0.1562,0.1438,1.0772,0.9582,0.2709,0.4705,0.9088
40.6725,1.7402,1.4229,0.0947,2.8585,0.7645,0.3273,10.4104,0.2881,0.2877,0.9475,3.9349,0.7821,2.6878,0.328,0.3025,0.1709,0.3088,0.3991,0.6919,0.5088,0.8778
40.7725,2.2474,1.7641,0.4525,2.651,0.6133,0.1732,12.4929,0.2601,0.6474,0.8706,3.9564,0.3841,0.7021,0.3316,0.3051,0.1921,0.4126,1.1122,0.3224,0.3541,0.5948
40.8724,2.4908,1.6748,0.5371,0.261,0.504,0.2865,9.0139,0.3893,0.0727,0.4471,2.1188,0.5791,1.6426,0.6188,0.2179,0.1273,1.1547,0.8996,0.2156,0.0986,0.0917
40.9723,2.1162,1.4222,0.3332,2.6556,0.766,0.312,12.7919,0.1495,0.3932,1.7844,1.055,0.5859,2.0654,0.5202,0.127,0.0736,1.4137,1.0576,0.1541,0.3269,0.5211
41.0723,1.3567,1.0449,0.3621,3.1348,0.6543,0.1071,9.3438,0.3621,0.4383,0.6877,1.7872,0.4518,0.4556,0.3679,0.0369,0.1348,1.0425,0.7621,0.4703,0.4362,0.9082
41.1722,0.8113,0.4599,0.4203,1.2103,0.3537,0.2043,12.5788,0.1454,0.3844,1.4631,1.2402,0.6351,2.0914,0.4399,0.2157,0.1548,1.1088,0.4165,0.3891,0.4861,1.0882
41.2721,0.6189,0.3816,0.2593,2.1636,0.7811,0.5297,9.7028,0.3947,0.7098,0.171,1.5127,0.7131,2.7824,0.6724,0.2832,0.1731,1.0342,0.9256,0.4646,0.5099,1.074
41.3721,0.8058,0.4738,0.2219,2.7178,0.9356,0.6204,11.5248,0.2461,0.1991,0.085,1.2417,0.5232,1.4854,0.6776,0.2202,0.1791,0.9237,0.6362,0.4824,0.3559,0.7421
41.472,1.2274,0.5966,0.2855,0.8969,0.4895,0.1561,11.2385,0.2983,0.1031,1.3176,0.4398,0.4732,1.2633,0.5222,0.1752,0.1019,0.8115,1.3185,0.5107,0.1503,0.2213
41.5719,1.5102,1.1134,0.4772,2.4614,0.3107,0.2228,10.3862,0.2773,0.3091,0.5989,0.9875,0.6284,1.8648,0.3692,0.1234,0.0956,1.2361,1.3888,0.3255,0.3639,0.6577
41.6719,1.6716,1.2554,0.5724,3.2603,0.7558,0.076,11.9201,0.2552,0.4758,1.1856,1.4511,0.5357,0.6639,0.4003,0.1389,0.1426,1.6545,0.825,0.1355,0.4674,1.088
41.7718,1.5755,0.9905,0.3503,1.4296,0.5615,0.2995,9.075,0.3827,0.3151,0.9779,2.0717,0.3671,1.3087,0.3329,0.2073,0.146,1.0522,0.1119,0.2941,0.5301,1.3364
41.8717,1.2178,0.9451,0.4138,1.8898,0.8276,0.4451,12.7197,0.1723,0.358,0.708,1.7385,0.4951,2.076,0.3872,0.1655,0.1845,0.2435,0.611,0.2474,0.5413,1.3777
41.9717,1.3249,0.975,0.6032,2.9772,1.1257,0.2267,8.9405,0.3663,0.4685,1.1585,0.766,0.4452,1.0626,0.1969,0.1594,0.2266,0.3632,0.5627,0.3257,0.364,1.0088
42.0716,1.6251,0.8588,0.3341,1.8294,0.5996,0.1497,12.1965,0.1335,0.4805,1.6827,2.5247,0.3155,1.3304,0.1724,0.2112,0.1565,1.2223,0.5601,0.2043,0.2119,0.5464
42.1715,1.3438,0.8398,0.2742,2.1632,0.5859,0.3307,9.1481,0.3833,0.4717,0.6318,2.481,0.6445,2.1838,0.251,0.2036,0.0499,1.6203,0.7335,0.2097,0.4075,0.8915
42.2715,0.6026,0.5494,0.5508,2.9847,1.4111,0.5688,11.6218,0.2394,0.3745,1.1648,1.2628,0.6619,1.307,0.0694,0.2146,0.1584,1.1552,0.0452,0.3484,0.4977,1.2771
42.3714,0.5581,0.1884,0.3346,2.045,1.2506,0.4264,10.5852,0.3165,0.5698,0.5244,1.9619,0.5244,0.6834,0.0821,0.1585,0.1835,1.0034,0.6363,0.2277,0.5628,1.5409
42.4713,1.1845,0.8723,0.2074,2.31,0.2738,0.1247,10.0452,0.2785,0.4139,1.0054,1.3444,0.7113,1.7656,0.2103,0.0775,0.1907,0.8163,0.2375,0.4767,0.5355,1.574
42.5713,1.5773,1.0795,0.4857,2.9801,0.7303,0.5677,11.2371,0.2452,0.3325,0.803,0.4806,0.4741,1.2076,0.4896,0.2304,0.2048,0.8337,0.9293,0.7345,0.3252,1.1439
42.6712,1.5024,0.8638,0.403,2.284,0.7346,0.8177,9.0165,0.3633,0.4848,0.5422,0.8207,0.3803,0.6421,0.3366,0.3129,0.1594,1.0133,1.0784,0.4657,0.2165,0.7098
42.7711,0.9988,0.6524,0.3683,2.5464,0.2378,1.0382,12.179,0.1918,0.4401,1.2291,1.3514,0.5895,1.8809,0.3194,0.3333,0.0948,1.4366,0.7453,0.2433,0.3977,1.0182
42.8711,0.6653,0.4601,0.4345,3.01,0.4602,1.0098,8.1803,0.3758,0.3157,1.3518,1.3015,0.3944,1.6814,0.3394,0.2792,0.1355,1.5663,1.2112,0.7257,0.4875,1.3463
42.971,0.6848,0.3676,0.3098,2.4787,0.2854,0.4797,11.692,0.1364,0.3471,0.3961,2.7111,0.302,0.3538,0.4625,0.0852,0.1525,0.8,0.9202,0.8929,0.5723,1.6228
43.0709,0.5411,0.4896,0.2771,2.6038,0.5515,0.542,8.5465,0.3654,0.3645,0.9356,3.4713,0.5231,0.9131,0.5427,0.1584,0.1756,0.1721,0.4671,0.5372,0.5095,1.6219
43.1709,0.665,0.3353,0.1604,2.5803,0.8829,0.775,11.2786,0.2243,0.5365,1.2554,2.492,0.2777,0.9321,0.2256,0.3132,0.218,0.7844,0.3565,0.2616,0.2586,1.0961
43.2708,0.9403,0.4562,0.2143,2.3106,0.4254,0.5059,9.4958,0.3318,0.4788,0.667,3.5573,0.3494,0.9764,0.3164,0.3817,0.1816,1.7816,0.5302,0.1811,0.2244,0.6941
43.3707,0.9832,0.8416,0.5062,3.2095,0.5162,0.6765,9.6245,0.2839,0.3126,0.3999,3.8021,0.6162,1.8614,0.4128,0.3931,0.069,1.7267,0.5779,0.3461,0.388,0.9921
43.4707,0.8963,0.831,0.4047,3.0205,1.0723,0.4772,10.4763,0.2402,0.4466,0.3931,2.7074,0.3464,1.7,0.0919,0.268,0.1493,1.0405,0.6927,0.3716,0.4767,1.2404
43.5706,0.7823,0.5375,0.1449,1.778,0.9145,0.0588,8.6212,0.3403,0.618,0.5513,2.7778,0.3488,0.9602,0.1647,0.0251,0.1991,0.916,0.7953,0.4182,0.5509,1.4904
43.6705,0.7647,0.6408,0.4583,2.7145,0.7273,0.362,11.1778,0.2025,0.3997,0.7722,2.0073,0.4085,1.2852,0.4079,0.2373,0.2023,0.7032,0.5902,0.2229,0.4326,1.4068
43.7704,1.0538,0.9427,0.4365,3.0132,0.7574,0.5139,7.3245,0.3795,0.379,0.6589,2.2622,0.1826,0.7581,0.3999,0.3692,0.2016,1.22,0.5562,0.0377,0.1657,0.8007
43.8704,1.4384,1.0745,0.1315,2.2343,0.4955,0.5759,11.107,0.1512,0.4502,0.5185,2.1486,0.3372,1.0804,0.4412,0.4258,0.1653,1.3276,0.5521,0.1107,0.2428,0.5325
43.9703,1.6507,1.1317,0.2766,2.9001,0.7798,0.4652,7.7085,0.3517,0.2546,0.2128,1.151,0.5332,2.625,0.572,0.3784,0.0667,1.673,0.663,0.203,0.3818,0.8402
44.0702,1.5758,1.1723,0.2786,2.759,1.0909,0.2135,10.4979,0.209,0.4087,0.8343,3.102,0.4726,2.6044,0.3593,0.1785,0.1563,1.4497,1.0832,0.4035,0.4988,1.0657
44.1702,1.2895,1.0436,0.047,1.4388,0.7289,0.3491,8.1811,0.3358,1.0178,0.9956,2.5491,0.145,1.5278,0.2398,0.0961,0.2387,0.492,0.8468,0.4124,0.5539,1.2975
44.2701,0.9521,0.6919,0.1731,2.8855,0.0965,0.5083,9.1941,0.284,0.902,0.5875,1.7803,0.389,1.7612,0.4157,0.2899,0.2558,0.4055,0.3609,0.2015,0.3528,1.091
44.37,0.6228,0.3946,0.1609,3.3495,0.8512,0.5976,9.4931,0.2465,0.9651,0.5489,2.8396,0.4837,1.5469,0.4822,0.3958,0.2247,1.1139,0.0274,0.1501,0.1045,0.4809
44.47,0.3553,0.4213,0.0515,1.7408,1.0977,0.4425,7.8522,0.3238,0.7532,0.8177,2.2734,0.3146,0.1449,0.2052,0.4155,0.1637,1.8943,0.5023,0.3331,0.2923,0.6544
44.5699,0.2679,0.4145,0.1296,1.9349,0.6538,0.1126,9.9118,0.2053,0.1902,0.9494,2.0652,0.4404,1.6998,0.2133,0.2959,0.0808,1.4788,0.6351,0.4252,0.4079,0.9169
44.6698,0.2437,0.39,0.1138,2.7259,0.217,0.3428,6.5518,0.3713,0.6352,0.9762,0.8818,0.2863,2.2214,0.0972,0.0768,0.1248,0.777,0.3747,0.3826,0.5666,1.1277
44.7698,0.497,0.4779,0.0118,1.7993,0.7933,0.345,10.3035,0.1688,0.8957,0.3421,1.7404,0.2434,2.2595,0.4665,0.132,0.2073,0.5916,0.4715,0.339,0.5878,1.2527
44.8697,0.82,0.6437,0.2111,1.938,0.5757,0.4602,6.5198,0.3469,0.5458,1.5237,1.4714,0.5382,2.7513,0.1281,0.2686,0.2396,0.9772,0.5378,0.1366,0.2959,0.8425
44.9696,1.0126,0.8519,0.3713,2.4558,0.2474,0.5194,9.48,0.2019,0.9628,0.8969,1.0359,0.5117,2.3624,0.2018,0.3575,0.2067,1.5233,0.7597,0.1994,0.1885,0.5148
45.0696,1.2531,1.0005,0.3243,1.5526,0.7079,0.5464,6.8574,0.3286,0.6238,0.482,2.1652,0.2541,0.8904,0.2623,0.3323,0.1223,1.4269,0.7981,0.1423,0.3807,1.0182
45.1695,1.6736,1.1809,0.1116,1.8529,0.5238,0.6771,8.6171,0.2757,0.6911,0.2385,0.755,0.2644,0.4783,0.5937,0.1598,0.0714,1.4965,0.8343,0.3657,0.4792,1.2446
45.2694,2.1206,1.5609,0.2282,2.5379,0.6743,0.4584,8.1615,0.2595,0.2345,1.2061,2.1333,0.2852,0.3583,0.4817,0.0585,0.151,1.0373,1.0658,0.5444,0.6671,1.4701
45.3694,2.487,1.9356,0.2247,1.7823,1.1878,0.1027,6.9127,0.3161,0.4552,0.7121,2.832,0.4115,1.4465,0.5191,0.1625,0.2151,0.3149,1.072,0.2839,0.6531,1.4438
45.4693,2.7124,2.0402,0.2064,1.5829,0.818,0.4779,8.5967,0.2072,0.7339,1.3732,1.9778,0.7727,2.9338,0.9881,0.2235,0.2283,0.6659,0.3539,0.2942,0.3204,0.8952
45.5692,2.6611,1.9157,0.4052,2.494,0.469,0.6731,5.7982,0.354,0.8568,0.7842,2.6215,0.734,3.1026,0.8092,0.2557,0.1813,1.4804,0.3607,0.448,0.3133,0.9195
45.6692,2.2864,1.7911,0.3579,2.395,1.2253,0.5863,9.1559,0.1824,0.5598,1.5241,3.2431,0.3359,1.9203,0.2796,0.1888,0.1138,1.8451,1.0677,0.2318,0.442,1.3228
45.7691,1.8817,1.6829,0.1197,1.7232,1.1867,1.0449,5.0965,0.3461,0.5946,0.4521,2.715,0.1988,1.239,0.0351,0.0883,0.0804,1.2511,0.9664,0.1155,0.5146,1.4509
45.869,1.8655,1.5239,0.2403,1.7512,0.6468,0.56,8.4479,0.2055,0.6747,0.1957,2.0087,0.4183,1.394,0.3656,0.1357,0.1288,0.7653,0.5404,0.2302,0.7087,1.6557
45.969,2.0292,1.5137,0.2119,2.2653,0.3275,0.3793,5.5601,0.3176,0.3839,1.6094,2.0619,0.5244,0.9161,0.3358,0.1427,0.2053,0.7389,0.5054,0.0972,0.6563,1.5259
46.0689,1.9978,1.6151,0.0883,2.3275,0.1233,0.586,7.7575,0.2627,0.4414,0.5786,2.7759,0.5636,1.6467,0.5225,0.1446,0.2368,1.3983,0.3281,0.194,0.3273,0.9834
46.1688,1.7732,1.4784,0.1497,1.916,0.5394,0.496,6.533,0.269,0.9255,0.9806,2.4105,0.4764,2.0999,0.4803,0.1312,0.1788,1.6114,0.3616,0.2011,0.3702,1.1581
46.2688,1.4506,1.0793,0.054,1.8158,0.7762,0.7903,6.0779,0.3119,0.4031,0.1044,0.9103,0.2305,1.7505,0.4065,0.1214,0.0689,1.4869,0.4833,0.1953,0.4467,1.482
46.3687,1.0706,0.7177,0.2643,1.7493,0.347,0.7467,7.2892,0.2154,0.3005,0.7234,1.2218,0.3759,2.4113,0.295,0.1954,0.1179,1.6452,0.4469,0.3457,0.5161,1.5769
46.4686,0.7742,0.6205,0.2654,1.5257,0.6005,0.1215,4.9181,0.3357,0.1412,0.2394,2.4368,0.6082,2.7457,0.2939,0.2023,0.168,1.05,0.7053,0.4546,0.7178,1.7664
46.5686,0.7507,0.733,0.0517,2.2285,0.8749,0.4707,7.7143,0.1902,0.6497,0.5448,2.4257,0.6267,1.5257,0.4368,0.1186,0.207,0.5306,0.5947,0.556,0.6304,1.5131
46.6685,1.0406,0.9017,0.4054,2.2844,0.629,0.4595,3.7379,0.3407,0.6783,0.4872,1.5258,0.5063,0.9944,0.7341,0.0518,0.2309,0.9532,0.4749,0.2827,0.3167,0.9625
46.7684,1.4833,1.0325,0.4407,0.9193,0.0722,0.6979,7.452,0.2154,0.7281,1.487,1.4101,0.2705,1.4426,0.6511,0.1208,0.1754,1.7084,0.4963,0.1851,0.4016,1.2066
46.8684,1.7669,1.235,0.1054,1.6158,0.3423,0.6362,4.1683,0.3113,0.4599,0.9067,1.2876,0.4194,0.8752,0.4905,0.2243,0.0431,1.9249,0.4477,0.3984,0.4188,1.3936
46.9683,1.7219,1.4339,0.2751,2.4888,0.301,0.3397,6.6769,0.2522,0.1103,0.5071,1.251,0.681,2.5066,0.1979,0.2645,0.1198,1.2836,0.0312,0.6354,0.4882,1.4387
47.0682,1.5054,1.3529,0.3261,1.5279,0.4584,0.5796,4.815,0.2696,0.6707,0.996,2.1667,0.6531,3.1762,0.5202,0.2006,0.1678,0.8048,0.4135,0.6438,0.6654,1.587
47.1682,1.3782,1.0472,0.0749,1.1958,0.7121,0.5123,5.4347,0.3044,0.6082,1.4446,2.1916,0.5866,1.6589,0.8032,0.0672,0.18,0.7891,1.1025,0.5334,0.5295,1.224
47.2681,1.3906,1.0771,0.3493,2.0731,0.618,0.5241,5.8892,0.2302,0.4429,1.304,0.8328,0.6812,0.7126,0.668,0.0985,0.1961,1.6537,0.479,0.1355,0.2481,0.7013
47.368,1.5488,1.3962,0.4062,1.346,0.2733,0.3537,3.9788,0.3234,0.6463,0.8628,1.6073,0.4829,1.6908,0.4675,0.2436,0.1595,1.7682,0.4074,0.3218,0.3576,0.9736
47.468,1.7815,1.4768,0.2756,1.2836,0.4097,0.1893,6.1879,0.1961,0.4093,1.2471,2.9854,0.4802,0.7773,0.6567,0.3282,0.0499,1.752,0.5011,0.3471,0.3318,1.0564
47.5679,1.837,1.2946,0.3248,2.1866,0.6922,0.3038,2.7367,0.3272,0.3342,0.6713,2.0758,0.7455,1.9899,0.5191,0.3025,0.1357,1.6675,0.2305,0.2069,0.4315,1.1557
47.6678,1.5901,1.0966,0.2685,1.3965,0.7275,0.5312,6.3751,0.2249,0.471,0.9253,0.3472,0.6156,2.8841,0.1995,0.1769,0.1978,0.6118,1.0164,0.0607,0.5774,1.2812
47.7677,1.1702,0.949,0.1659,0.8255,0.5573,0.2383,2.6208,0.3107,0.7415,0.9539,1.9449,0.4215,1.8123,0.1228,0.054,0.1929,0.6732,0.8536,0.3159,0.4092,0.8352
47.8677,0.8178,0.7384,0.2053,2.0211,0.3045,0.0466,5.6204,0.2498,0.4168,1.1259,2.0588,0.4919,1.0715,0.4773,0.2045,0.1826,1.2386,0.7371,0.1666,0.202,0.426
47.9676,0.6636,0.5079,0.0216,1.5826,0.3918,0.0563,3.2104,0.264,0.4878,1.0735,2.4802,0.4353,1.6429,0.5047,0.3419,0.1574,2.0073,0.5108,0.2688,0.34,0.7693
48.0675,0.6573,0.4612,0.3072,0.1992,0.4712,0.4199,4.8503,0.2919,0.6062,0.2705,1.9954,0.287,0.864,0.2722,0.3789,0.0938,1.8904,0.5654,0.3234,0.3138,0.7878
48.1675,0.7226,0.6402,0.4066,1.3656,0.325,0.5916,4.3195,0.2446,0.1234,0.4868,1.115,0.5509,2.2138,0.3702,0.2823,0.1048,0.9939,1.0804,0.2783,0.4346,0.9489
48.2674,0.8498,0.8269,0.1499,1.3007,0.2383,0.0621,3.3515,0.3174,0.7282,0.4251,4.089,0.793,3.1422,0.5189,0.0917,0.1342,0.4413,1.199,0.309,0.4947,0.942
48.3673,1.0047,0.8562,0.2399,0.3667,0.398,0.4323,4.7771,0.2061,0.3997,0.9944,4.6808,0.6077,2.1539,0.6347,0.1252,0.1308,1.0993,1.1096,0.4964,0.2804,0.3973
48.4673,1.0389,0.7938,0.4036,0.7384,0.2359,0.3947,2.2046,0.3094,0.478,0.3295,3.5455,0.3762,1.3851,0.2572,0.2858,0.1542,1.8913,0.5286,0.5861,0.2201,0.4938
48.5672,0.9272,0.8236,0.2183,0.6129,0.0848,0.5065,5.1406,0.2301,0.1966,1.0154,3.2049,0.6274,2.1172,0.0419,0.3736,0.1705,1.7077,0.178,0.3726,0.3482,0.7734
48.6671,1.0117,0.8754,0.1175,0.3819,0.2187,0.7948,1.1495,0.3098,0.5585,0.0904,4.5875,0.4528,1.0212,0.3836,0.3574,0.0999,1.7086,0.7651,0.2847,0.3533,0.7804
48.7671,1.3741,0.9291,0.2517,0.9172,0.174,0.5746,4.7986,0.2548,0.2153,0.2898,5.1208,0.4449,1.6572,0.2783,0.2186,0.0739,1.1801,1.4986,0.2783,0.4736,0.9733
48.867,1.6011,1.1218,0.1348,0.7252,0.1314,0.3433,1.7603,0.26,0.3874,1.411,2.1403,0.8896,3.5676,0.2551,0.0189,0.1634,0.4593,1.3295,0.3829,0.429,0.781
48.9669,1.5376,1.256,0.1326,0.1248,0.1425,0.4407,4.2559,0.2784,0.2223,1.3088,2.1869,0.7686,3.4119,0.4832,0.1733,0.1784,1.066,0.7362,0.3628,0.1775,0.2817
49.0669,1.2967,1.0884,0.1893,0.7605,0.2379,0.4738,2.6605,0.2516,0.3251,1.2438,3.2438,0.0692,2.2204,0.2657,0.2832,0.1511,1.5521,0.3498,0.5674,0.258,0.7009
49.1668,0.9821,0.6748,0.1908,1.0142,0.2443,0.7188,3.3299,0.3118,0.2178,0.0184,1.2274,0.6079,2.5693,0.2433,0.3285,0.0963,2.1382,0.7819,0.4679,0.3591,0.8498
49.2667,0.5898,0.3046,0.2449,0.6515,0.1519,0.7442,3.5065,0.2222,0.4958,0.8752,2.679,0.6453,2.3105,0.2164,0.285,0.038,1.5486,1.5069,0.4129,0.4136,0.9141
49.3667,0.1654,0.3148,0.1551,0.2882,0.64,0.1782,2.2057,0.2952,0.5515,0.9029,2.5261,0.2516,0.4395,0.1714,0.1493,0.1044,0.5787,1.245,0.3386,0.5192,1.1105
49.4666,0.3159,0.3375,0.0694,0.9191,0.7589,0.7769,3.8679,0.2324,0.5977,1.2891,1.3671,0.5723,2.0675,0.0709,0.1051,0.1646,0.4605,1.0365,0.1885,0.3931,0.8097
49.5665,0.5254,0.2872,0.1702,0.8414,0.2906,0.7114,1.1299,0.3022,0.3586,0.6656,3.7166,0.5098,3.0041,0.1118,0.1936,0.1781,1.7079,0.844,0.5446,0.1317,0.4611
49.6665,0.4823,0.3137,0.144,0.3824,0.4449,0.3994,4.1722,0.2616,0.2679,0.7402,4.0762,0.1727,3.0536,0.4377,0.2511,0.1729,2.0298,0.5389,0.4262,0.2905,0.8715
49.7664,0.3372,0.2353,0.3172,1.0557,0.9241,0.5664,0.3891,0.2627,0.1869,0.4501,2.7358,0.5931,3.653,0.4257,0.2729,0.1286,1.61,1.2103,0.2696,0.3693,0.9367
49.8663,0.3939,0.1842,0.3973,0.8843,0.8862,0.579,3.8336,0.2704,0.3153,0.2427,1.8745,0.7082,3.6022,0.2816,0.2129,0.0176,1.5314,1.1534,0.3589,0.4677,1.038
49.9663,0.4764,0.4702,0.1962,0.5697,0.5826,0.1689,1.1184,0.2507,0.3156,0.4222,2.5094,0.3952,2.0685,0.2591,0.1601,0.1119,0.7089,1.2666,0.679,0.5416,1.1917
50.0662,0.5448,0.5072,0.1481,1.5773,0.3949,0.6567,3.6394,0.3017,0.322,0.4473,2.3196,0.1215,1.0261,0.7736,0.1891,0.1723,1.199,1.3058,0.4713,0.3477,0.8138
50.1661,0.6549,0.3289,0.3517,1.3516,0.3428,0.2409,2.2607,0.2392,0.2921,0.5878,1.7815,0.4001,1.6171,0.8775,0.1732,0.1631,1.3119,0.8357,0.4628,0.096,0.4991
50.2661,0.7702,0.6597,0.2629,0.4912,0.6188,0.3388,2.7993,0.289,0.0898,0.7122,2.7011,0.2139,1.7074,0.492,0.1851,0.1364,1.6536,0.2007,0.5677,0.2719,0.8627
50.366,1.0624,0.9755,0.0216,1.9267,0.712,0.4535,2.823,0.2368,0.2129,0.2102,0.5937,0.387,2.975,0.4688,0.2129,0.0985,1.9751,0.9292,0.3871,0.3302,0.8743
50.4659,1.3879,0.9507,0.1897,1.8947,0.4828,0.1548,2.1924,0.2879,0.2306,0.3755,3.5813,0.7889,3.8029,0.1757,0.2136,0.0368,1.0293,0.8952,0.2037,0.4618,0.9949
50.5659,1.3924,0.8074,0.1588,0.6126,0.4967,0.6014,3.5677,0.2646,0.253,0.6408,5.4173,0.6714,3.2173,0.2116,0.2624,0.0688,0.1979,0.7029,0.4285,0.5269,1.1807
50.6658,1.0023,0.7403,0.1071,1.9182,0.7713,0.3675,1.0831,0.2684,0.245,0.262,3.6528,0.2702,2.1222,0.3387,0.2471,0.1437,0.8677,0.7417,0.4968,0.3119,0.8297
50.7657,0.4552,0.5516,0.1375,2.0462,0.8725,0.2442,3.7794,0.2713,0.1684,0.7601,3.2092,0.4222,1.4546,0.6346,0.1367,0.1647,1.6943,0.3803,0.1315,0.062,0.4403
50.8657,0.06,0.1868,0.0893,0.6845,0.7136,0.3245,0.2691,0.2485,0.2903,0.1126,4.6204,0.3802,0.5342,0.7029,0.1232,0.1593,1.7189,1.3304,0.6655,0.2176,0.7296
50.9656,0.2484,0.2021,0.3046,2.1417,0.2931,0.1201,3.9163,0.2874,0.4853,0.327,4.5268,0.09,1.0219,0.6333,0.1873,0.0883,1.3895,1.1129,0.8254,0.2722,0.7394
51.0655,0.4289,0.4264,0.3625,2.3848,0.5547,0.2808,1.0105,0.2501,0.39,0.6817,3.1946,0.3932,1.8825,0.5042,0.2827,0.0346,1.1528,1.0012,0.7104,0.4369,0.8973
51.1655,0.5738,0.4422,0.1395,0.6644,1.1398,0.2175,3.6926,0.288,0.3384,0.8378,1.4941,0.4261,2.1181,0.7761,0.3284,0.11,0.8216,1.0597,0.3511,0.4699,1.0938
51.2654,0.5649,0.2929,0.294,1.9753,1.3329,0.5594,2.1575,0.2477,0.2648,0.6137,2.5253,0.385,2.3276,0.8681,0.2332,0.1374,1.2309,0.5791,0.3149,0.2403,0.7913
51.3653,0.33,0.1832,0.4705,2.4434,0.9797,0.5922,3.0907,0.2735,0.1856,0.451,2.2256,0.5316,2.27,0.7499,0.0707,0.1398,1.1358,0.9772,0.4042,0.006,0.3701
51.4653,0.3214,0.2356,0.2977,0.9279,0.3631,0.1408,2.9873,0.2624,0.5613,0.2123,1.3838,0.4308,1.5801,0.4737,0.0788,0.1351,1.476,1.303,0.3961,0.1511,0.5847
51.5652,0.6,0.4549,0.1669,2.1226,0.6215,0.3249,2.3874,0.2697,0.5004,0.461,1.2037,0.0899,0.6575,0.1655,0.2157,0.071,1.4241,1.4221,0.5214,0.2175,0.5898
51.6651,0.7382,0.6722,0.335,2.5368,0.6766,0.548,3.9239,0.2781,0.534,0.4661,0.5386,0.2153,0.2013,0.2326,0.3438,0.0326,0.5218,0.9915,0.4814,0.4074,0.8054
51.7651,0.9859,0.6651,0.1784,0.8077,0.1982,0.4262,1.1979,0.252,0.7379,0.2845,2.3578,0.226,0.1913,0.379,0.3364,0.0984,0.3129,0.4143,0.3239,0.4098,1.0212
51.865,1.3745,0.7818,0.2258,2.3275,0.7268,0.7886,4.1352,0.2745,0.1247,0.3402,2.4655,0.1129,0.8543,0.6008,0.1852,0.1155,1.0192,0.3695,0.3723,0.1728,0.7382
51.9649,1.6357,1.2336,0.4468,3.0422,0.8711,0.3953,0.517,0.2516,0.1891,0.2326,1.3243,0.4199,1.4854,0.5537,0.017,0.1235,1.5442,1.295,0.6014,0.0471,0.2785
52.0648,1.7167,1.4358,0.3621,1.415,0.3393,0.6432,4.4681,0.2853,0.5521,0.5132,1.2759,0.5569,1.6373,0.498,0.13,0.1307,1.3296,1.6692,0.4379,0.1005,0.4243
52.1648,1.5937,1.1854,0.2254,2.0764,0.2776,1.0838,1.6986,0.263,0.6887,0.2375,1.743,0.3642,1.2832,0.3482,0.281,0.0772,0.9715,1.1699,0.0452,0.1863,0.4192
52.2647,1.1672,0.8143,0.2358,2.8441,0.237,0.8197,3.8456,0.2666,0.5409,0.2924,1.3846,0.1181,0.9011,0.4536,0.3536,0.0243,0.7869,0.8017,0.1565,0.3896,0.6916
52.3646,0.6213,0.6579,0.0891,1.4981,0.4681,0.3287,2.6386,0.2587,0.4451,0.7189,1.0907,0.3539,1.059,0.3548,0.2808,0.0906,0.8316,0.754,0.0934,0.3635,0.8721
52.4646,0.6739,0.5196,0.244,2.3854,1.1251,0.9315,3.4031,0.2627,0.1726,0.7402,0.9094,0.3509,1.2562,0.4836,0.1317,0.1095,0.9599,0.9352,0.1974,0.1275,0.5588
52.5645,0.9289,0.52,0.273,3.1713,0.9804,0.4477,3.9286,0.2838,0.3407,0.1559,0.5992,0.1782,0.9698,0.4239,0.011,0.1312,0.881,1.1161,0.5085,0.1237,0.0891
52.6644,0.8954,0.7131,0.0125,1.6132,0.1255,0.2235,2.0773,0.2614,0.8473,0.8298,2.156,0.3018,0.3926,0.5461,0.161,0.1403,1.4811,1.0359,0.7364,0.1142,0.2584
52.7644,0.6882,0.7516,0.349,2.0747,0.9281,0.46,4.399,0.2695,0.7482,0.4227,3.0727,0.317,0.5838,0.1299,0.2694,0.0768,1.2677,0.7258,0.5214,0.2141,0.2913
52.8643,0.5027,0.598,0.3969,3.0843,1.0786,0.2416,1.3247,0.2478,1.0374,1.2489,2.0871,0.0719,0.5723,0.4483,0.251,0.0616,0.489,0.3916,0.4547,0.3888,0.6049
52.9642,0.4025,0.3855,0.0841,1.8454,0.3645,0.6859,4.8823,0.2768,0.4069,0.4559,1.0571,0.5342,1.5955,0.3428,0.1474,0.0936,0.4894,0.3262,0.6046,0.3153,0.6569
53.0642,0.3708,0.2008,0.3345,2.0015,0.6482,0.4432,1.2824,0.2753,0.2038,0.9131,2.0853,0.8093,2.7907,0.6287,0.067,0.0815,1.0193,0.7595,0.5588,0.0226,0.2416
53.1641,0.3603,0.1379,0.4789,2.9685,1.0068,0.4203,4.5382,0.2684,0.494,0.2709,2.1844,0.5939,2.6564,0.6589,0.066,0.0907,1.6599,1.2161,0.3733,0.1647,0.2329
53.264,0.3425,0.3089,0.2644,1.9062,0.8932,0.8016,2.5564,0.2602,0.5119,0.7376,1.672,0.1689,1.1265,0.1449,0.1911,0.0921,1.4264,0.9469,0.1781,0.1698,0.3705
53.364,0.4642,0.3928,0.0834,1.9668,1.0617,0.6486,4.0118,0.251,1.008,0.8705,1.2342,0.5131,1.2285,0.3207,0.23,0.0432,0.8772,0.5004,0.1549,0.263,0.5101
53.4639,0.5752,0.3972,0.2235,2.7637,1.0869,0.279,3.673,0.283,0.639,0.4537,1.7247,0.4893,1.4177,0.6275,0.1518,0.0293,0.5323,0.7891,0.2486,0.3894,0.7287
53.5638,0.4071,0.3839,0.1023,1.8843,0.5091,0.397,2.9142,0.2695,0.2618,1.1741,2.4887,0.1701,0.9108,0.3239,0.104,0.0545,0.7859,1.1929,0.2411,0.2616,0.517
53.6638,0.0784,0.1929,0.1513,2.2724,0.4177,0.3014,4.6386,0.2739,0.1475,0.7459,2.6568,0.7531,3.0483,0.3573,0.0778,0.055,0.9353,1.2442,0.2564,0.084,0.1245
53.7637,0.4632,0.2248,0.2126,3.0382,1.0297,0.5641,1.8567,0.2471,0.7202,0.457,2.9372,0.9285,4.048,0.3759,0.0997,0.0889,1.0792,1.0776,0.4861,0.2381,0.5512
53.8636,0.7172,0.5913,0.1647,1.9406,0.8589,0.4557,4.9363,0.2647,0.6967,0.5952,2.7249,0.4333,3.1918,0.1324,0.1644,0.1223,1.4614,1.143,0.5821,0.2326,0.6383
53.9636,0.7644,0.6029,0.2929,1.9018,0.0745,0.3301,1.1451,0.2781,1.3527,1.1986,2.5144,0.3167,2.3225,0.0639,0.1416,0.0939,0.8451,1.2232,0.5079,0.3234,0.8142
54.0635,0.5436,0.235,0.311,2.9172,0.6893,0.3799,5.0697,0.2728,0.832,0.4551,2.3857,0.6824,2.3189,0.2261,0.1568,0.0604,0.42,1.2045,0.3922,0.4159,0.9517
54.1634,0.1185,0.2056,0.1058,2.4964,0.7804,0.0304,2.4323,0.2696,0.7891,0.9466,1.7582,0.4538,1.0408,0.0853,0.1829,0.0751,0.5906,1.1417,0.0548,0.2629,0.5954
54.2634,0.6704,0.4121,0.1869,2.299,0.2124,0.5015,4.2782,0.2433,0.1295,0.3924,1.8814,0.4047,1.2643,0.2585,0.1226,0.0724,1.2989,1.2618,0.1106,0.1359,0.4691
54.3633,1.0211,0.472,0.2979,2.5075,0.6807,0.3649,3.2876,0.2757,0.7223,0.762,0.8423,0.79,2.8343,0.316,0.0968,0.1011,1.6026,1.4068,0.2764,0.2653,0.8575
54.4632,0.8847,0.5436,0.1975,1.8616,0.84,0.4868,3.5787,0.269,1.0141,0.5126,1.6129,0.6657,2.8544,0.2028,0.0826,0.1173,0.8834,1.1566,0.6662,0.2571,0.9133
54.5632,0.4568,0.4338,0.2921,2.5577,0.3303,0.6656,4.635,0.2822,1.2011,1.1028,1.933,0.2228,3.0295,0.3374,0.1447,0.0899,0.4893,1.0795,0.8714,0.3425,1.0893
54.6631,0.1631,0.2867,0.3893,3.2119,0.8725,0.2412,2.089,0.2545,0.7695,1.1736,1.2496,0.975,4.1935,0.2969,0.2561,0.0489,0.5979,1.432,0.9185,0.4109,1.1404
54.763,0.4064,0.3599,0.2039,2.3776,1.1458,0.8262,4.8013,0.2561,0.5551,1.0662,2.2761,1.2019,4.1133,0.3972,0.2547,0.0417,1.2222,1.5128,0.6867,0.2577,0.7322
54.863,0.7047,0.2689,0.1974,2.011,0.6409,1.0571,1.3793,0.2712,0.1929,0.9717,2.3645,0.6071,2.2268,0.5575,0.1712,0.0441,1.2052,1.3605,0.6568,0.1794,0.7472
54.9629,0.8892,0.5401,0.3842,2.7157,0.253,0.3348,5.2497,0.272,0.6789,0.2015,2.1856,0.4353,0.1043,0.5066,0.0809,0.0921,1.0467,1.425,0.7432,0.2789,1.0365
55.0628,1.0633,0.8733,0.2463,2.6225,0.581,0.4074,2.0113,0.2816,0.9937,1.7005,2.1875,0.668,1.049,0.4205,0.0941,0.1077,1.0337,1.4926,0.5141,0.2722,1.035
55.1628,1.2077,0.8688,0.1425,2.698,0.2562,0.5772,4.3913,0.2462,0.9026,1.6754,1.7616,0.1666,1.0026,0.3874,0.2568,0.0749,0.4537,1.4321,0.0279,0.337,1.1827
55.2627,1.0911,0.7185,0.3127,2.8114,0.3217,0.4625,2.9368,0.2687,1.0086,1.5009,1.9628,0.6619,3.058,0.3885,0.3245,0.04,0.5826,1.3306,0.3034,0.3545,1.1108
55.3626,0.9948,0.7012,0.2033,2.3288,0.5804,0.7402,3.8816,0.2593,0.7965,0.8422,0.9212,1.1493,4.549,0.3241,0.2799,0.0393,0.7302,1.3289,0.3125,0.199,0.6681
55.4626,1.3223,0.818,0.1436,2.5053,0.4968,0.3284,4.2462,0.2855,0.0341,0.876,1.338,0.9918,4.121,0.1436,0.1875,0.0691,1.3412,1.6441,0.3738,0.1794,0.787
55.5625,1.5196,1.0491,0.1666,2.9836,0.36,0.5353,2.2737,0.2659,0.9415,0.849,1.7862,0.3086,2.6311,0.3293,0.0316,0.1248,1.3036,1.5366,0.609,0.2537,0.9559
55.6624,1.311,1.0525,0.1034,2.6043,0.2922,0.9734,4.6208,0.2583,0.9753,1.3579,2.2625,0.4598,2.0814,0.4846,0.1943,0.1435,0.4662,0.8763,0.7757,0.2555,0.8915
55.7624,0.8856,0.6128,0.4235,2.3186,0.5323,0.8113,1.5239,0.2621,1.0088,0.7028,3.0982,0.7533,1.6446,0.4196,0.3515,0.1153,0.2701,0.923,0.494,0.2928,1.0114
55.8623,0.6372,0.4207,0.4271,2.6613,0.5935,0.5082,4.9861,0.2633,0.8066,0.9689,3.2666,0.5275,1.0444,0.196,0.3572,0.0824,0.9414,1.5659,0.3811,0.2516,0.842
55.9622,1.0703,0.9225,0.0971,2.7208,0.1576,0.5044,1.3127,0.2869,0.8479,0.4562,4.4793,0.4851,2.0457,0.5468,0.2772,0.0659,1.3919,1.5987,0.2288,0.0948,0.4126
56.0621,1.6628,1.1531,0.4069,2.2912,0.365,0.1325,4.4611,0.2575,0.311,0.6261,4.0081,0.6629,2.407,0.8184,0.1527,0.0966,1.1882,1.1732,0.4565,0.1622,0.6582
56.1621,1.9191,1.258,0.4691,2.0572,0.4436,0.7081,2.5877,0.2703,0.6969,0.7426,3.1342,0.3893,2.0887,0.8813,0.0509,0.1472,0.9661,1.2895,0.4085,0.226,0.7277
56.262,1.79,1.3714,0.1493,2.4216,0.1081,0.6528,3.762,0.2472,0.8339,1.4204,3.8427,0.4472,2.5488,0.4486,0.2636,0.1358,0.8091,1.5072,0.2593,0.2578,0.6494
56.3619,1.6613,1.2781,0.341,2.5203,0.5206,0.0336,3.5288,0.2789,1.3954,1.0664,2.8484,1.0325,3.1624,0.3563,0.3611,0.1005,0.7242,1.6899,0.6476,0.2537,0.6999
56.4619,1.7818,1.1294,0.3843,2.083,0.8091,0.5388,2.5449,0.2722,0.956,1.2918,1.8858,1.0747,2.8961,0.4442,0.3356,0.0751,0.7687,1.6897,0.8103,0.1306,0.3973
56.5618,1.8507,1.3572,0.0855,2.0648,0.5975,0.3427,4.3487,0.2712,1.0606,0.5615,1.4313,0.4,1.8037,0.61,0.2549,0.0487,0.8816,1.4784,0.4351,0.0368,0.2694
56.6617,1.7573,1.5128,0.342,1.9339,0.2769,0.4001,1.338,0.2606,0.2376,0.2392,0.4424,0.4812,0.5228,0.4923,0.1013,0.0796,1.3118,1.6372,0.319,0.1793,0.5346
56.7617,1.6376,1.2389,0.3711,1.755,0.4911,0.764,4.3777,0.2508,0.9019,0.3606,0.2178,0.6925,0.3149,0.0541,0.1174,0.1621,1.046,1.4551,0.6175,0.2374,0.4511
56.8616,1.4509,0.9169,0.1997,2.5939,0.721,0.528,0.5625,0.28,0.8077,1.5453,1.0642,0.1624,0.4542,0.2776,0.2786,0.1627,0.3582,1.0797,0.7778,0.3074,0.4936
56.9615,1.1951,0.8886,0.2998,2.527,0.8001,0.2413,4.3848,0.2684,1.4604,1.1289,1.6565,0.6091,1.7974,0.2902,0.3175,0.1016,0.3807,1.6431,0.3315,0.2652,0.4869
57.0615,0.953,0.73,0.2294,1.055,0.5349,0.0649,2.0802,0.2822,0.4675,1.1783,1.2626,0.9458,3.1375,0.0513,0.287,0.0549,0.9305,2.3657,0.3515,0.102,0.2919
57.1614,0.6472,0.4495,0.2574,2.0802,0.1097,0.5577,3.3736,0.2432,1.0983,0.6465,2.4998,0.8064,3.3612,0.1344,0.2024,0.0244,1.2078,2.1986,0.2318,0.1683,0.7062
57.2613,0.8435,0.4943,0.3427,2.7379,0.6083,0.6069,2.6926,0.265,0.375,0.5309,2.136,0.3658,2.6079,0.4678,0.0736,0.0813,0.9218,1.7635,0.271,0.2627,0.8256
57.3613,1.4039,0.902,0.0676,1.5665,0.8558,0.1383,2.7267,0.2674,0.066,1.1405,1.0195,0.4068,2.2661,0.4792,0.1755,0.1572,0.8432,1.6478,0.2674,0.3253,0.7345
57.4612,1.6279,1.2755,0.3632,1.7572,0.6222,0.5761,3.8342,0.2859,0.8573,1.3001,1.721,0.6156,2.0753,0.0868,0.2383,0.1499,0.749,1.8863,0.5592,0.4104,0.8547
57.5611,1.5463,1.1814,0.5033,2.371,0.0781,0.5239,1.0733,0.2702,0.6614,0.5907,1.0929,0.2041,0.8479,0.5306,0.2301,0.0774,0.765,2.3272,0.5285,0.3401,0.732
57.6611,1.4358,0.7922,0.2017,1.1089,0.5486,0.158,3.6537,0.2448,0.7894,0.6579,0.5511,0.541,1.0095,0.799,0.2201,0.0224,0.7561,2.0811,0.1372,0.2205,0.7754
57.761,1.4079,1.0702,0.3681,1.7976,0.5441,0.5187,0.2431,0.263,0.8058,0.477,0.9679,0.8304,2.3681,0.857,0.1694,0.0471,0.9958,1.997,0.2283,0.2808,1.1172
57.8609,1.5401,1.3663,0.5607,2.6143,0.3081,0.1376,3.9833,0.2707,0.3706,0.4657,1.5096,0.5846,2.9927,0.6424,0.1595,0.1186,1.4013,2.0881,0.6025,0.3137,1.051
57.9609,1.5812,1.1524,0.3001,1.2206,0.9798,0.5089,1.4355,0.2959,0.3408,0.7698,1.2589,0.7484,3.6764,0.3234,0.1943,0.1752,0.9208,1.8181,0.6639,0.3691,0.9571
58.0608,1.2217,0.7571,0.1375,1.3048,1.069,0.7365,3.0008,0.2529,0.9606,0.9907,2.1796,0.9393,4.2141,0.6885,0.1538,0.1572,0.2917,1.8437,0.3387,0.4457,1.0394
58.1607,0.6266,0.51,0.3145,2.4598,0.4329,0.5586,1.9523,0.2537,0.4947,1.3458,2.9095,0.738,3.6312,0.715,0.138,0.0817,0.4434,2.3244,0.7103,0.3662,0.8679
58.2607,0.2465,0.3302,0.1587,1.3247,0.5601,0.8619,2.6126,0.2522,1.0111,1.2628,1.7858,0.1881,1.9859,0.4299,0.1763,0.0138,1.1413,2.3178,0.2623,0.2818,0.9785
58.3606,0.3646,0.2621,0.2499,0.9717,0.9229,0.7041,3.0339,0.292,1.2557,0.5821,0.8687,0.4532,0.4995,0.3004,0.2037,0.0442,1.4319,1.5968,0.2912,0.3206,1.2493
58.4605,0.6611,0.2755,0.318,2.1997,0.559,0.1222,1.3764,0.2839,0.2329,0.4917,1.807,0.5671,0.8571,0.0442,0.2294,0.1069,1.0455,1.132,0.2983,0.3284,1.1299
58.5605,0.7687,0.4993,0.2196,1.3586,0.4288,0.8107,2.9885,0.2533,0.3938,0.8851,2.256,0.2821,1.9156,0.4241,0.1781,0.1567,0.7845,1.3385,0.9635,0.3894,1.0877
58.6604,0.5798,0.599,0.2507,0.6902,1.0397,0.7596,0.6475,0.2457,0.3469,1.0424,2.074,0.8651,3.6926,0.2205,0.0512,0.1445,0.64,2.0361,0.8688,0.4461,1.1028
58.7603,0.2546,0.4541,0.1577,1.7702,1.0244,0.1757,3.2105,0.2621,0.6383,1.1809,3.0025,1.0623,4.9669,0.3993,0.1253,0.0754,1.0894,2.248,0.5597,0.3607,0.8773
58.8603,0.4628,0.4838,0.1087,0.9952,0.4388,0.5768,1.1644,0.3011,0.5454,0.5436,3.6765,0.7986,4.9802,0.2502,0.2134,0.0133,1.2664,1.4242,0.4964,0.3045,1.0136
58.9602,0.8876,0.5801,0.2577,0.9315,0.4155,0.3531,2.7773,0.2711,0.6479,0.3443,3.5086,0.5663,4.0725,0.3974,0.2574,0.0498,1.5351,1.0441,0.4548,0.2985,1.1164
59.0601,0.9714,0.6385,0.1792,1.9107,0.8428,0.7674,1.4476,0.2552,0.2677,0.1935,4.0053,0.4296,2.9031,0.5261,0.2385,0.0838,1.4844,1.3944,0.2772,0.277,0.8753
59.1601,1.0777,0.8729,0.2376,1.2146,0.7474,1.1067,2.2512,0.2349,0.3179,0.9664,3.3083,0.3623,1.3815,0.551,0.1281,0.121,0.6744,1.6182,0.3006,0.3444,0.8589
59.26,1.8593,1.2678,0.3041,0.4747,0.496,0.6278,2.1135,0.2852,0.4006,0.4063,2.9651,0.1119,0.7114,0.5361,0.0587,0.1271,0.4452,1.8884,0.5195,0.3834,0.8163
59.3599,2.6039,1.84,0.146,1.5837,0.9559,0.1622,2.0272,0.2915,0.1758,0.5335,2.9637,0.5577,2.5734,0.7393,0.2068,0.0696,0.9924,2.0071,0.3356,0.3176,0.6386
59.4599,2.8629,2.1813,0.2038,1.2754,1.0244,0.4479,2.3567,0.2731,1.2271,0.4882,0.8097,0.7631,3.9042,0.6053,0.2953,0.019,1.5889,1.5443,0.3403,0.3061,0.854
59.5598,2.7005,1.9124,0.2923,0.4627,0.3203,0.1033,1.2923,0.2398,0.8538,0.804,1.2371,0.7194,4.7947,0.1416,0.2999,0.0918,1.3964,1.3906,0.5717,0.2832,0.8301
59.6597,2.2385,1.374,0.2083,0.8647,0.5991,0.3415,2.2201,0.2481,0.3422,0.4202,0.5675,0.9723,5.1763,0.4479,0.2177,0.1431,0.8189,1.5563,0.7279,0.2665,0.5784
59.7597,1.7116,1.2263,0.1801,0.7839,0.8765,0.2197,1.6703,0.2925,0.3572,0.7306,2.0204,0.9104,4.5901,0.329,0.0965,0.1565,0.503,1.9641,0.5762,0.3032,0.6117
59.8596,1.4596,1.0741,0.1286,0.695,0.452,0.4395,2.5217,0.2868,0.5974,0.0612,2.8591,0.5267,3.0314,0.1978,0.1489,0.1366,0.9627,2.2171,0.2929,0.295,0.4861
59.9595,1.1812,0.6292,0.1296,0.7526,0.9161,0.5429,1.4497,0.2693,0.2228,0.773,2.3915,0.3097,1.3006,0.4637,0.2658,0.0779,1.4652,1.5898,0.1589,0.259,0.5135
